date,CPI,CPI_MoM,CPI_YoY,rent_trend,gas_prices_trend,food_index_trend,CPI_MoM_future_1m,CPI_YoY_future_1m,CPI_MoM_lag1,CPI_YoY_lag1,CPI_MoM_lag2,CPI_YoY_lag2,CPI_MoM_lag3,CPI_YoY_lag3,CPI_MoM_lag6,CPI_YoY_lag6,CPI_MoM_lag12,CPI_YoY_lag12,rent_trend_lead0,rent_trend_lead1,rent_trend_lead2,rent_trend_lead3,gas_prices_trend_lead0,gas_prices_trend_lead1,gas_prices_trend_lead2,gas_prices_trend_lead3,food_index_trend_lead0,food_index_trend_lead1,food_index_trend_lead2,food_index_trend_lead3
2010-01-31,217.488,0.06487322116246474,2.6211113889767157,55.0,7.0,-0.8697347099264211,-0.09517766497462166,2.151336357866529,,,,,,,,,,,55.0,53.0,55.0,56.0,7.0,5.0,7.0,7.0,-0.8697347099264211,-0.8417237442588985,-0.7796622516142915,-0.8486908140845049
2010-02-28,217.281,-0.09517766497462166,2.151336357866529,53.0,5.0,-0.8417237442588985,0.03313681361922782,2.2861714393279886,0.06487322116246474,2.6211113889767157,,,,,,,,,53.0,55.0,56.0,59.0,5.0,7.0,7.0,8.0,-0.8417237442588985,-0.7796622516142915,-0.8486908140845049,-0.8621427899262664
2010-03-31,217.353,0.03313681361922782,2.2861714393279886,55.0,7.0,-0.7796622516142915,0.023004053314190642,2.2067707525304403,-0.09517766497462166,2.151336357866529,0.06487322116246474,2.6211113889767157,,,,,,,55.0,56.0,59.0,61.0,7.0,7.0,8.0,6.0,-0.7796622516142915,-0.8486908140845049,-0.8621427899262664,-1.0649311646348207
2010-04-30,217.403,0.023004053314190642,2.2067707525304403,56.0,7.0,-0.8486908140845049,-0.05197720362644098,2.003548929218568,0.03313681361922782,2.2861714393279886,-0.09517766497462166,2.151336357866529,0.06487322116246474,2.6211113889767157,,,,,56.0,59.0,61.0,57.0,7.0,8.0,6.0,6.0,-0.8486908140845049,-0.8621427899262664,-1.0649311646348207,-1.1477552926980747
2010-05-31,217.29,-0.05197720362644098,2.003548929218568,59.0,8.0,-0.8621427899262664,-0.041879515854381655,1.1215605940686268,0.023004053314190642,2.2067707525304403,0.03313681361922782,2.2861714393279886,-0.09517766497462166,2.151336357866529,,,,,59.0,61.0,57.0,56.0,8.0,6.0,6.0,5.0,-0.8621427899262664,-1.0649311646348207,-1.1477552926980747,-1.1592229728377685
2010-06-30,217.199,-0.041879515854381655,1.1215605940686268,61.0,6.0,-1.0649311646348207,0.18692535416828804,1.3407784804821077,-0.05197720362644098,2.003548929218568,0.023004053314190642,2.2067707525304403,0.03313681361922782,2.2861714393279886,,,,,61.0,57.0,56.0,47.0,6.0,6.0,5.0,6.0,-1.0649311646348207,-1.1477552926980747,-1.1592229728377685,-1.000570497710125
2010-07-31,217.605,0.18692535416828804,1.3407784804821077,57.0,6.0,-1.1477552926980747,0.14613634796996067,1.1501775395112546,-0.041879515854381655,1.1215605940686268,-0.05197720362644098,2.003548929218568,0.023004053314190642,2.2067707525304403,0.06487322116246474,2.6211113889767157,,,57.0,56.0,47.0,47.0,6.0,5.0,6.0,6.0,-1.1477552926980747,-1.1592229728377685,-1.000570497710125,-1.046470875160517
2010-08-31,217.923,0.14613634796996067,1.1501775395112546,56.0,5.0,-1.1592229728377685,0.1615249422961318,1.1183122472331775,0.18692535416828804,1.3407784804821077,-0.041879515854381655,1.1215605940686268,-0.05197720362644098,2.003548929218568,-0.09517766497462166,2.151336357866529,,,56.0,47.0,47.0,46.0,5.0,6.0,6.0,7.0,-1.1592229728377685,-1.000570497710125,-1.046470875160517,-0.894579006348765
2010-09-30,218.275,0.1615249422961318,1.1183122472331775,47.0,6.0,-1.000570497710125,0.348184629481163,1.1666951489314625,0.14613634796996067,1.1501775395112546,0.18692535416828804,1.3407784804821077,-0.041879515854381655,1.1215605940686268,0.03313681361922782,2.2861714393279886,,,47.0,47.0,46.0,42.0,6.0,6.0,7.0,9.0,-1.000570497710125,-1.046470875160517,-0.894579006348765,-0.9355188664843035
2010-10-31,219.035,0.348184629481163,1.1666951489314625,47.0,6.0,-1.046470875160517,0.25338416234848005,1.084544776600338,0.1615249422961318,1.1183122472331775,0.14613634796996067,1.1501775395112546,0.18692535416828804,1.3407784804821077,0.023004053314190642,2.2067707525304403,,,47.0,46.0,42.0,62.0,6.0,7.0,9.0,11.0,-1.046470875160517,-0.894579006348765,-0.9355188664843035,-0.7684147417619243
2010-11-30,219.59,0.25338416234848005,1.084544776600338,46.0,7.0,-0.894579006348765,0.4016576346828282,1.437793022217937,0.348184629481163,1.1666951489314625,0.1615249422961318,1.1183122472331775,0.14613634796996067,1.1501775395112546,-0.05197720362644098,2.003548929218568,,,46.0,42.0,62.0,64.0,7.0,9.0,11.0,20.0,-0.894579006348765,-0.9355188664843035,-0.7684147417619243,-0.6683674805919368
2010-12-31,220.472,0.4016576346828282,1.437793022217937,42.0,9.0,-0.9355188664843035,0.3243042200370194,1.7007834915029774,0.25338416234848005,1.084544776600338,0.348184629481163,1.1666951489314625,0.1615249422961318,1.1183122472331775,-0.041879515854381655,1.1215605940686268,,,42.0,62.0,64.0,62.0,9.0,11.0,20.0,30.0,-0.9355188664843035,-0.7684147417619243,-0.6683674805919368,-0.6785684868705317
2011-01-31,221.187,0.3243042200370194,1.7007834915029774,62.0,11.0,-0.7684147417619243,0.321447463006419,2.124898173333145,0.4016576346828282,1.437793022217937,0.25338416234848005,1.084544776600338,0.348184629481163,1.1666951489314625,0.18692535416828804,1.3407784804821077,0.06487322116246474,2.6211113889767157,62.0,64.0,62.0,61.0,11.0,20.0,30.0,29.0,-0.7684147417619243,-0.6683674805919368,-0.6785684868705317,-0.6138890475495246
2011-02-28,221.898,0.321447463006419,2.124898173333145,64.0,20.0,-0.6683674805919368,0.51735482068338,2.619241510354109,0.3243042200370194,1.7007834915029774,0.4016576346828282,1.437793022217937,0.25338416234848005,1.084544776600338,0.14613634796996067,1.1501775395112546,-0.09517766497462166,2.151336357866529,64.0,62.0,61.0,65.0,20.0,30.0,29.0,28.0,-0.6683674805919368,-0.6785684868705317,-0.6138890475495246,-0.613317867813842
2011-03-31,223.046,0.51735482068338,2.619241510354109,62.0,30.0,-0.6785684868705317,0.46940989750992035,3.0772344447868694,0.321447463006419,2.124898173333145,0.3243042200370194,1.7007834915029774,0.4016576346828282,1.437793022217937,0.1615249422961318,1.1183122472331775,0.03313681361922782,2.2861714393279886,62.0,61.0,65.0,71.0,30.0,29.0,28.0,18.0,-0.6785684868705317,-0.6138890475495246,-0.613317867813842,-0.8932761797602649
2011-04-30,224.093,0.46940989750992035,3.0772344447868694,61.0,29.0,-0.6138890475495246,0.3181714734507679,3.4589718808964998,0.51735482068338,2.619241510354109,0.321447463006419,2.124898173333145,0.3243042200370194,1.7007834915029774,0.348184629481163,1.1666951489314625,0.023004053314190642,2.2067707525304403,61.0,65.0,71.0,68.0,29.0,28.0,18.0,14.0,-0.6138890475495246,-0.613317867813842,-0.8932761797602649,-0.8875513761822666
2011-05-31,224.806,0.3181714734507679,3.4589718808964998,65.0,28.0,-0.613317867813842,0.0,3.5023181506360412,0.46940989750992035,3.0772344447868694,0.51735482068338,2.619241510354109,0.321447463006419,2.124898173333145,0.25338416234848005,1.084544776600338,-0.05197720362644098,2.003548929218568,65.0,71.0,68.0,66.0,28.0,18.0,14.0,14.0,-0.613317867813842,-0.8932761797602649,-0.8875513761822666,-0.8314222962642006
2011-06-30,224.806,0.0,3.5023181506360412,71.0,18.0,-0.8932761797602649,0.26200368317570444,3.5798809769996165,0.3181714734507679,3.4589718808964998,0.46940989750992035,3.0772344447868694,0.51735482068338,2.619241510354109,0.4016576346828282,1.437793022217937,-0.041879515854381655,1.1215605940686268,71.0,68.0,66.0,56.0,18.0,14.0,14.0,12.0,-0.8932761797602649,-0.8875513761822666,-0.8314222962642006,-0.8516765168367306
2011-07-31,225.395,0.26200368317570444,3.5798809769996165,68.0,14.0,-0.8875513761822666,0.3154462166418792,3.75499603070808,0.0,3.5023181506360412,0.3181714734507679,3.4589718808964998,0.46940989750992035,3.0772344447868694,0.3243042200370194,1.7007834915029774,0.18692535416828804,1.3407784804821077,68.0,66.0,56.0,52.0,14.0,14.0,12.0,11.0,-0.8875513761822666,-0.8314222962642006,-0.8516765168367306,-0.8181853419016786
2011-08-31,226.106,0.3154462166418792,3.75499603070808,66.0,14.0,-0.8314222962642006,0.21715478580843772,3.812621692818685,0.26200368317570444,3.5798809769996165,0.0,3.5023181506360412,0.3181714734507679,3.4589718808964998,0.321447463006419,2.124898173333145,0.14613634796996067,1.1501775395112546,66.0,56.0,52.0,50.0,14.0,12.0,11.0,9.0,-0.8314222962642006,-0.8516765168367306,-0.8181853419016786,-0.7868708774657551
2011-09-30,226.597,0.21715478580843772,3.812621692818685,56.0,12.0,-0.8516765168367306,0.0675207527019328,3.5222681306640524,0.3154462166418792,3.75499603070808,0.26200368317570444,3.5798809769996165,0.0,3.5023181506360412,0.51735482068338,2.619241510354109,0.1615249422961318,1.1183122472331775,56.0,52.0,50.0,52.0,12.0,11.0,9.0,9.0,-0.8516765168367306,-0.8181853419016786,-0.7868708774657551,-0.8799064218664754
2011-10-31,226.75,0.0675207527019328,3.5222681306640524,52.0,11.0,-0.8181853419016786,0.18478500551268873,3.451432214581729,0.21715478580843772,3.812621692818685,0.3154462166418792,3.75499603070808,0.26200368317570444,3.5798809769996165,0.46940989750992035,3.0772344447868694,0.348184629481163,1.1666951489314625,52.0,50.0,52.0,64.0,11.0,9.0,9.0,12.0,-0.8181853419016786,-0.7868708774657551,-0.8799064218664754,-0.7638121758556423
2011-11-30,227.169,0.18478500551268873,3.451432214581729,50.0,9.0,-0.7868708774657551,0.023770849015480877,3.062066838419386,0.0675207527019328,3.5222681306640524,0.21715478580843772,3.812621692818685,0.3154462166418792,3.75499603070808,0.3181714734507679,3.4589718808964998,0.25338416234848005,1.084544776600338,50.0,52.0,64.0,61.0,9.0,9.0,12.0,24.0,-0.7868708774657551,-0.8799064218664754,-0.7638121758556423,-0.6849904397253663
2011-12-31,227.223,0.023770849015480877,3.062066838419386,52.0,9.0,-0.8799064218664754,0.27241960540966836,3.0087663379855023,0.18478500551268873,3.451432214581729,0.0675207527019328,3.5222681306640524,0.21715478580843772,3.812621692818685,0.0,3.5023181506360412,0.4016576346828282,1.437793022217937,52.0,64.0,61.0,60.0,9.0,12.0,24.0,24.0,-0.8799064218664754,-0.7638121758556423,-0.6849904397253663,-0.7388105777711907
2012-01-31,227.842,0.27241960540966836,3.0087663379855023,64.0,12.0,-0.7638121758556423,0.21374461249461518,2.8981784423473878,0.023770849015480877,3.062066838419386,0.18478500551268873,3.451432214581729,0.0675207527019328,3.5222681306640524,0.26200368317570444,3.5798809769996165,0.3243042200370194,1.7007834915029774,64.0,61.0,60.0,63.0,12.0,24.0,24.0,18.0,-0.7638121758556423,-0.6849904397253663,-0.7388105777711907,-0.6554520322054671
2012-02-29,228.329,0.21374461249461518,2.8981784423473878,61.0,24.0,-0.6849904397253663,0.20934703870292282,2.5828752813320977,0.27241960540966836,3.0087663379855023,0.023770849015480877,3.062066838419386,0.18478500551268873,3.451432214581729,0.3154462166418792,3.75499603070808,0.321447463006419,2.124898173333145,61.0,60.0,63.0,63.0,24.0,24.0,18.0,15.0,-0.6849904397253663,-0.7388105777711907,-0.6554520322054671,-0.7068747239233009
2012-03-31,228.807,0.20934703870292282,2.5828752813320977,60.0,24.0,-0.7388105777711907,0.16607883500068255,2.2731633741348567,0.21374461249461518,2.8981784423473878,0.27241960540966836,3.0087663379855023,0.023770849015480877,3.062066838419386,0.21715478580843772,3.812621692818685,0.51735482068338,2.619241510354109,60.0,63.0,63.0,66.0,24.0,18.0,15.0,16.0,-0.7388105777711907,-0.6554520322054671,-0.7068747239233009,-0.7814593759760082
2012-04-30,229.187,0.16607883500068255,2.2731633741348567,63.0,18.0,-0.6554520322054671,-0.2068180132381081,1.7379429374660749,0.20934703870292282,2.5828752813320977,0.21374461249461518,2.8981784423473878,0.27241960540966836,3.0087663379855023,0.0675207527019328,3.5222681306640524,0.46940989750992035,3.0772344447868694,63.0,63.0,66.0,71.0,18.0,15.0,16.0,13.0,-0.6554520322054671,-0.7068747239233009,-0.7814593759760082,-0.7615026721264059
2012-05-31,228.713,-0.2068180132381081,1.7379429374660749,63.0,15.0,-0.7068747239233009,-0.08263631713106845,1.653870448297634,0.16607883500068255,2.2731633741348567,0.20934703870292282,2.5828752813320977,0.21374461249461518,2.8981784423473878,0.18478500551268873,3.451432214581729,0.3181714734507679,3.4589718808964998,63.0,66.0,71.0,64.0,15.0,16.0,13.0,15.0,-0.7068747239233009,-0.7814593759760082,-0.7615026721264059,-0.7881396133299503
2012-06-30,228.524,-0.08263631713106845,1.653870448297634,66.0,16.0,-0.7814593759760082,0.02888099280600187,1.4175114798464783,-0.2068180132381081,1.7379429374660749,0.16607883500068255,2.2731633741348567,0.20934703870292282,2.5828752813320977,0.023770849015480877,3.062066838419386,0.0,3.5023181506360412,66.0,71.0,64.0,56.0,16.0,13.0,15.0,15.0,-0.7814593759760082,-0.7615026721264059,-0.7881396133299503,-0.648752986167434
2012-07-31,228.59,0.02888099280600187,1.4175114798464783,71.0,13.0,-0.7615026721264059,0.580952797585188,1.6859349154821235,-0.08263631713106845,1.653870448297634,-0.2068180132381081,1.7379429374660749,0.16607883500068255,2.2731633741348567,0.27241960540966836,3.0087663379855023,0.26200368317570444,3.5798809769996165,71.0,64.0,56.0,50.0,13.0,15.0,15.0,24.0,-0.7615026721264059,-0.7881396133299503,-0.648752986167434,-0.7408211876314531
2012-08-31,229.918,0.580952797585188,1.6859349154821235,64.0,15.0,-0.7881396133299503,0.47712662775423187,1.9497168982819613,0.02888099280600187,1.4175114798464783,-0.08263631713106845,1.653870448297634,-0.2068180132381081,1.7379429374660749,0.21374461249461518,2.8981784423473878,0.3154462166418792,3.75499603070808,64.0,56.0,50.0,49.0,15.0,15.0,24.0,14.0,-0.7881396133299503,-0.648752986167434,-0.7408211876314531,-0.8063311305749715
2012-09-30,231.015,0.47712662775423187,1.9497168982819613,56.0,15.0,-0.648752986167434,0.26967945804385884,2.1556780595369363,0.580952797585188,1.6859349154821235,0.02888099280600187,1.4175114798464783,-0.08263631713106845,1.653870448297634,0.20934703870292282,2.5828752813320977,0.21715478580843772,3.812621692818685,56.0,50.0,49.0,48.0,15.0,24.0,14.0,9.0,-0.648752986167434,-0.7408211876314531,-0.8063311305749715,-0.6385852755749206
2012-10-31,231.638,0.26967945804385884,2.1556780595369363,50.0,24.0,-0.7408211876314531,-0.16793444944266378,1.7960197033926262,0.47712662775423187,1.9497168982819613,0.580952797585188,1.6859349154821235,0.02888099280600187,1.4175114798464783,0.16607883500068255,2.2731633741348567,0.0675207527019328,3.5222681306640524,50.0,49.0,48.0,62.0,24.0,14.0,9.0,9.0,-0.7408211876314531,-0.8063311305749715,-0.6385852755749206,-0.5770817165493954
2012-11-30,231.249,-0.16793444944266378,1.7960197033926262,49.0,14.0,-0.8063311305749715,-0.012108160467716456,1.7595049796895523,0.26967945804385884,2.1556780595369363,0.47712662775423187,1.9497168982819613,0.580952797585188,1.6859349154821235,-0.2068180132381081,1.7379429374660749,0.18478500551268873,3.451432214581729,49.0,48.0,62.0,62.0,14.0,9.0,9.0,15.0,-0.8063311305749715,-0.6385852755749206,-0.5770817165493954,-0.5615272011374284
2012-12-31,231.221,-0.012108160467716456,1.7595049796895523,48.0,9.0,-0.6385852755749206,0.1980788942180789,1.684061762098299,-0.16793444944266378,1.7960197033926262,0.26967945804385884,2.1556780595369363,0.47712662775423187,1.9497168982819613,-0.08263631713106845,1.653870448297634,0.023770849015480877,3.062066838419386,48.0,62.0,62.0,64.0,9.0,9.0,15.0,11.0,-0.6385852755749206,-0.5770817165493954,-0.5615272011374284,-0.6847845912542785
2013-01-31,231.679,0.1980788942180789,1.684061762098299,62.0,9.0,-0.5770817165493954,0.5429926752100966,2.0181404902574807,-0.012108160467716456,1.7595049796895523,-0.16793444944266378,1.7960197033926262,0.26967945804385884,2.1556780595369363,0.02888099280600187,1.4175114798464783,0.27241960540966836,3.0087663379855023,62.0,62.0,64.0,64.0,9.0,15.0,11.0,9.0,-0.5770817165493954,-0.5615272011374284,-0.6847845912542785,-0.6817073736411186
2013-02-28,232.937,0.5429926752100966,2.0181404902574807,62.0,15.0,-0.5615272011374284,-0.28119191025899326,1.5187472411246183,0.1980788942180789,1.684061762098299,-0.012108160467716456,1.7595049796895523,-0.16793444944266378,1.7960197033926262,0.580952797585188,1.6859349154821235,0.21374461249461518,2.8981784423473878,62.0,64.0,64.0,65.0,15.0,11.0,9.0,12.0,-0.5615272011374284,-0.6847845912542785,-0.6817073736411186,-0.6003277933942127
2013-03-31,232.282,-0.28119191025899326,1.5187472411246183,64.0,11.0,-0.6847845912542785,-0.2087979266581219,1.138808047576867,0.5429926752100966,2.0181404902574807,0.1980788942180789,1.684061762098299,-0.012108160467716456,1.7595049796895523,0.47712662775423187,1.9497168982819613,0.20934703870292282,2.5828752813320977,64.0,64.0,65.0,75.0,11.0,9.0,12.0,12.0,-0.6847845912542785,-0.6817073736411186,-0.6003277933942127,-0.7513882681477008
2013-04-30,231.797,-0.2087979266581219,1.138808047576867,64.0,9.0,-0.6817073736411186,0.041415548950163306,1.3903888279197085,-0.28119191025899326,1.5187472411246183,0.5429926752100966,2.0181404902574807,0.1980788942180789,1.684061762098299,0.26967945804385884,2.1556780595369363,0.16607883500068255,2.2731633741348567,64.0,65.0,75.0,74.0,9.0,12.0,12.0,11.0,-0.6817073736411186,-0.6003277933942127,-0.7513882681477008,-0.6808209127157586
2013-05-31,231.893,0.041415548950163306,1.3903888279197085,65.0,12.0,-0.6003277933942127,0.23804082055085551,1.7157935271568725,-0.2087979266581219,1.138808047576867,-0.28119191025899326,1.5187472411246183,0.5429926752100966,2.0181404902574807,-0.16793444944266378,1.7960197033926262,-0.2068180132381081,1.7379429374660749,65.0,75.0,74.0,71.0,12.0,12.0,11.0,9.0,-0.6003277933942127,-0.7513882681477008,-0.6808209127157586,-0.6985895845091591
2013-06-30,232.445,0.23804082055085551,1.7157935271568725,75.0,12.0,-0.7513882681477008,0.19574523005443378,1.885471805415806,0.041415548950163306,1.3903888279197085,-0.2087979266581219,1.138808047576867,-0.28119191025899326,1.5187472411246183,-0.012108160467716456,1.7595049796895523,-0.08263631713106845,1.653870448297634,75.0,74.0,71.0,58.0,12.0,11.0,9.0,8.0,-0.7513882681477008,-0.6808209127157586,-0.6985895845091591,-0.663949059644514
2013-07-31,232.9,0.19574523005443378,1.885471805415806,74.0,11.0,-0.6808209127157586,0.23872906826962748,1.538809488600279,0.23804082055085551,1.7157935271568725,0.041415548950163306,1.3903888279197085,-0.2087979266581219,1.138808047576867,0.1980788942180789,1.684061762098299,0.02888099280600187,1.4175114798464783,74.0,71.0,58.0,58.0,11.0,9.0,8.0,8.0,-0.6808209127157586,-0.6985895845091591,-0.663949059644514,-0.5376552162553894
2013-08-31,233.456,0.23872906826962748,1.538809488600279,71.0,9.0,-0.6985895845091591,0.037694469193350066,1.0947341081747997,0.19574523005443378,1.885471805415806,0.23804082055085551,1.7157935271568725,0.041415548950163306,1.3903888279197085,0.5429926752100966,2.0181404902574807,0.580952797585188,1.6859349154821235,71.0,58.0,58.0,55.0,9.0,8.0,8.0,9.0,-0.6985895845091591,-0.663949059644514,-0.5376552162553894,-0.521281668105228
2013-09-30,233.544,0.037694469193350066,1.0947341081747997,58.0,8.0,-0.663949059644514,0.053523104853914205,0.8767991434911471,0.23872906826962748,1.538809488600279,0.19574523005443378,1.885471805415806,0.23804082055085551,1.7157935271568725,-0.28119191025899326,1.5187472411246183,0.47712662775423187,1.9497168982819613,58.0,58.0,55.0,52.0,8.0,8.0,9.0,7.0,-0.663949059644514,-0.5376552162553894,-0.521281668105228,-0.7153868010024588
2013-10-31,233.669,0.053523104853914205,0.8767991434911471,58.0,8.0,-0.5376552162553894,0.18444894273523804,1.2328701961954458,0.037694469193350066,1.0947341081747997,0.23872906826962748,1.538809488600279,0.19574523005443378,1.885471805415806,-0.2087979266581219,1.138808047576867,0.26967945804385884,2.1556780595369363,58.0,55.0,52.0,69.0,8.0,9.0,7.0,7.0,-0.5376552162553894,-0.521281668105228,-0.7153868010024588,-0.3894454621579058
2013-11-30,234.1,0.18444894273523804,1.2328701961954458,55.0,9.0,-0.521281668105228,0.2644169158479315,1.5128383667573297,0.053523104853914205,0.8767991434911471,0.037694469193350066,1.0947341081747997,0.23872906826962748,1.538809488600279,0.041415548950163306,1.3903888279197085,-0.16793444944266378,1.7960197033926262,55.0,52.0,69.0,68.0,9.0,7.0,7.0,9.0,-0.521281668105228,-0.7153868010024588,-0.3894454621579058,-0.3143288515362309
2013-12-31,234.719,0.2644169158479315,1.5128383667573297,52.0,7.0,-0.7153868010024588,0.24241752904536895,1.557758795574915,0.18444894273523804,1.2328701961954458,0.053523104853914205,0.8767991434911471,0.037694469193350066,1.0947341081747997,0.23804082055085551,1.7157935271568725,-0.012108160467716456,1.7595049796895523,52.0,69.0,68.0,69.0,7.0,7.0,9.0,8.0,-0.7153868010024588,-0.3894454621579058,-0.3143288515362309,-0.4050850152207596
2014-01-31,235.288,0.24241752904536895,1.557758795574915,69.0,7.0,-0.3894454621579058,0.11007786202441583,1.1204746347724948,0.2644169158479315,1.5128383667573297,0.18444894273523804,1.2328701961954458,0.053523104853914205,0.8767991434911471,0.19574523005443378,1.885471805415806,0.1980788942180789,1.684061762098299,69.0,68.0,69.0,72.0,7.0,9.0,8.0,9.0,-0.3894454621579058,-0.3143288515362309,-0.4050850152207596,-0.23651868853045288
2014-02-28,235.547,0.11007786202441583,1.1204746347724948,68.0,9.0,-0.3143288515362309,0.204205530106516,1.6126949139408042,0.24241752904536895,1.557758795574915,0.2644169158479315,1.5128383667573297,0.18444894273523804,1.2328701961954458,0.23872906826962748,1.538809488600279,0.5429926752100966,2.0181404902574807,68.0,69.0,72.0,72.0,9.0,8.0,9.0,8.0,-0.3143288515362309,-0.4050850152207596,-0.23651868853045288,-0.24997867721845024
2014-03-31,236.028,0.204205530106516,1.6126949139408042,69.0,8.0,-0.4050850152207596,0.18641856050976013,2.015125303606169,0.11007786202441583,1.1204746347724948,0.24241752904536895,1.557758795574915,0.2644169158479315,1.5128383667573297,0.037694469193350066,1.0947341081747997,-0.28119191025899326,1.5187472411246183,69.0,72.0,72.0,78.0,8.0,9.0,8.0,9.0,-0.4050850152207596,-0.23651868853045288,-0.24997867721845024,-0.463427463339651
2014-04-30,236.468,0.18641856050976013,2.015125303606169,72.0,9.0,-0.23651868853045288,0.19030059035471947,2.166947687079812,0.204205530106516,1.6126949139408042,0.11007786202441583,1.1204746347724948,0.24241752904536895,1.557758795574915,0.053523104853914205,0.8767991434911471,-0.2087979266581219,1.138808047576867,72.0,72.0,78.0,77.0,9.0,8.0,9.0,8.0,-0.23651868853045288,-0.24997867721845024,-0.463427463339651,-0.3465304975646615
2014-05-31,236.918,0.19030059035471947,2.166947687079812,72.0,8.0,-0.24997867721845024,0.1321132206079767,2.0589816945944195,0.18641856050976013,2.015125303606169,0.204205530106516,1.6126949139408042,0.11007786202441583,1.1204746347724948,0.18444894273523804,1.2328701961954458,0.041415548950163306,1.3903888279197085,72.0,78.0,77.0,70.0,8.0,9.0,8.0,7.0,-0.24997867721845024,-0.463427463339651,-0.3465304975646615,-0.3776488644286414
2014-06-30,237.231,0.1321132206079767,2.0589816945944195,78.0,9.0,-0.463427463339651,0.11254852864928111,1.9742378703305974,0.19030059035471947,2.166947687079812,0.18641856050976013,2.015125303606169,0.204205530106516,1.6126949139408042,0.2644169158479315,1.5128383667573297,0.23804082055085551,1.7157935271568725,78.0,77.0,70.0,65.0,9.0,8.0,7.0,7.0,-0.463427463339651,-0.3465304975646615,-0.3776488644286414,-0.31839425541795063
2014-07-31,237.498,0.11254852864928111,1.9742378703305974,77.0,8.0,-0.3465304975646615,-0.01600013473797013,1.7150983482969062,0.1321132206079767,2.0589816945944195,0.19030059035471947,2.166947687079812,0.18641856050976013,2.015125303606169,0.24241752904536895,1.557758795574915,0.19574523005443378,1.885471805415806,77.0,70.0,65.0,61.0,8.0,7.0,7.0,13.0,-0.3465304975646615,-0.3776488644286414,-0.31839425541795063,-0.34108434280451005
2014-08-31,237.46,-0.01600013473797013,1.7150983482969062,70.0,7.0,-0.3776488644286414,0.007159100480080838,1.6840509711232077,0.11254852864928111,1.9742378703305974,0.1321132206079767,2.0589816945944195,0.19030059035471947,2.166947687079812,0.11007786202441583,1.1204746347724948,0.23872906826962748,1.538809488600279,70.0,65.0,61.0,56.0,7.0,7.0,13.0,11.0,-0.3776488644286414,-0.31839425541795063,-0.34108434280451005,-0.3888747089203218
2014-09-30,237.477,0.007159100480080838,1.6840509711232077,65.0,7.0,-0.31839425541795063,-0.019791390324119806,1.6095417021513292,-0.01600013473797013,1.7150983482969062,0.11254852864928111,1.9742378703305974,0.1321132206079767,2.0589816945944195,0.204205530106516,1.6126949139408042,0.037694469193350066,1.0947341081747997,65.0,61.0,56.0,54.0,7.0,13.0,11.0,21.0,-0.31839425541795063,-0.34108434280451005,-0.3888747089203218,-0.35110252166453865
2014-10-31,237.43,-0.019791390324119806,1.6095417021513292,61.0,13.0,-0.34108434280451005,-0.18826601524659647,1.231524989320798,0.007159100480080838,1.6840509711232077,-0.01600013473797013,1.7150983482969062,0.11254852864928111,1.9742378703305974,0.18641856050976013,2.015125303606169,0.053523104853914205,0.8767991434911471,61.0,56.0,54.0,71.0,13.0,11.0,21.0,20.0,-0.34108434280451005,-0.3888747089203218,-0.35110252166453865,-0.17276058966520774
2014-11-30,236.983,-0.18826601524659647,1.231524989320798,56.0,11.0,-0.3888747089203218,-0.30846094445592387,0.6531213919623191,-0.019791390324119806,1.6095417021513292,0.007159100480080838,1.6840509711232077,-0.01600013473797013,1.7150983482969062,0.19030059035471947,2.166947687079812,0.18444894273523804,1.2328701961954458,56.0,54.0,71.0,71.0,11.0,21.0,20.0,12.0,-0.3888747089203218,-0.35110252166453865,-0.17276058966520774,-0.3668208943630978
2014-12-31,236.252,-0.30846094445592387,0.6531213919623191,54.0,21.0,-0.35110252166453865,-0.6370316441765556,-0.22993097820542818,-0.18826601524659647,1.231524989320798,-0.019791390324119806,1.6095417021513292,0.007159100480080838,1.6840509711232077,0.1321132206079767,2.0589816945944195,0.2644169158479315,1.5128383667573297,54.0,71.0,71.0,76.0,21.0,20.0,12.0,9.0,-0.35110252166453865,-0.17276058966520774,-0.3668208943630978,-0.3156798203665337
2015-01-31,234.747,-0.6370316441765556,-0.22993097820542818,71.0,20.0,-0.17276058966520774,0.25346436802173855,-0.08703146293520536,-0.30846094445592387,0.6531213919623191,-0.18826601524659647,1.231524989320798,-0.019791390324119806,1.6095417021513292,0.11254852864928111,1.9742378703305974,0.24241752904536895,1.557758795574915,71.0,71.0,76.0,75.0,20.0,12.0,9.0,8.0,-0.17276058966520774,-0.3668208943630978,-0.3156798203665337,-0.33990149484502796
2015-02-28,235.342,0.25346436802173855,-0.08703146293520536,71.0,12.0,-0.3668208943630978,0.26939517808124425,-0.022031284423873476,-0.6370316441765556,-0.22993097820542818,-0.30846094445592387,0.6531213919623191,-0.18826601524659647,1.231524989320798,-0.01600013473797013,1.7150983482969062,0.11007786202441583,1.1204746347724948,71.0,76.0,75.0,74.0,12.0,9.0,8.0,9.0,-0.3668208943630978,-0.3156798203665337,-0.33990149484502796,-0.26633948978633404
2015-03-31,235.976,0.26939517808124425,-0.022031284423873476,76.0,9.0,-0.3156798203665337,0.10424788961589382,-0.10403098939391064,0.25346436802173855,-0.08703146293520536,-0.6370316441765556,-0.22993097820542818,-0.30846094445592387,0.6531213919623191,0.007159100480080838,1.6840509711232077,0.204205530106516,1.6126949139408042,76.0,75.0,74.0,84.0,9.0,8.0,9.0,8.0,-0.3156798203665337,-0.33990149484502796,-0.26633948978633404,-0.3446638735071447
2015-04-30,236.222,0.10424788961589382,-0.10403098939391064,75.0,8.0,-0.33990149484502796,0.3297745341246827,0.03503321824429584,0.26939517808124425,-0.022031284423873476,0.25346436802173855,-0.08703146293520536,-0.6370316441765556,-0.22993097820542818,-0.019791390324119806,1.6095417021513292,0.18641856050976013,2.015125303606169,75.0,74.0,84.0,83.0,8.0,9.0,8.0,11.0,-0.33990149484502796,-0.26633948978633404,-0.3446638735071447,-0.276646551152603
2015-05-31,237.001,0.3297745341246827,0.03503321824429584,74.0,9.0,-0.26633948978633404,0.27679208104607333,0.1795718097550525,0.10424788961589382,-0.10403098939391064,0.26939517808124425,-0.022031284423873476,0.25346436802173855,-0.08703146293520536,-0.18826601524659647,1.231524989320798,0.19030059035471947,2.166947687079812,74.0,84.0,83.0,80.0,9.0,8.0,11.0,13.0,-0.26633948978633404,-0.3446638735071447,-0.276646551152603,-0.3188248840664664
2015-06-30,237.657,0.27679208104607333,0.1795718097550525,84.0,8.0,-0.3446638735071447,0.15863197801873063,0.22568611104094582,0.3297745341246827,0.03503321824429584,0.10424788961589382,-0.10403098939391064,0.26939517808124425,-0.022031284423873476,-0.30846094445592387,0.6531213919623191,0.1321132206079767,2.0589816945944195,84.0,83.0,80.0,68.0,8.0,11.0,13.0,11.0,-0.3446638735071447,-0.276646551152603,-0.3188248840664664,-0.248983048178843
2015-07-31,238.034,0.15863197801873063,0.22568611104094582,83.0,11.0,-0.276646551152603,-0.000420108051790713,0.2413037985344868,0.27679208104607333,0.1795718097550525,0.3297745341246827,0.03503321824429584,0.10424788961589382,-0.10403098939391064,-0.6370316441765556,-0.22993097820542818,0.11254852864928111,1.9742378703305974,83.0,80.0,68.0,66.0,11.0,13.0,11.0,8.0,-0.276646551152603,-0.3188248840664664,-0.248983048178843,-0.25230452941070175
2015-08-31,238.033,-0.000420108051790713,0.2413037985344868,80.0,13.0,-0.3188248840664664,-0.22475875193775918,0.008842961634170088,0.15863197801873063,0.22568611104094582,0.27679208104607333,0.1795718097550525,0.3297745341246827,0.03503321824429584,0.25346436802173855,-0.08703146293520536,-0.01600013473797013,1.7150983482969062,80.0,68.0,66.0,59.0,13.0,11.0,8.0,9.0,-0.3188248840664664,-0.248983048178843,-0.25230452941070175,-0.3251957941220666
2015-09-30,237.498,-0.22475875193775918,0.008842961634170088,68.0,11.0,-0.248983048178843,0.09894820166906904,0.12761656067050708,-0.000420108051790713,0.2413037985344868,0.15863197801873063,0.22568611104094582,0.27679208104607333,0.1795718097550525,0.26939517808124425,-0.022031284423873476,0.007159100480080838,1.6840509711232077,68.0,66.0,59.0,58.0,11.0,8.0,9.0,9.0,-0.248983048178843,-0.25230452941070175,-0.3251957941220666,-0.31427895851919435
2015-10-31,237.733,0.09894820166906904,0.12761656067050708,66.0,8.0,-0.25230452941070175,0.11946174910508756,0.4363182169185187,-0.22475875193775918,0.008842961634170088,-0.000420108051790713,0.2413037985344868,0.15863197801873063,0.22568611104094582,0.10424788961589382,-0.10403098939391064,-0.019791390324119806,1.6095417021513292,66.0,59.0,58.0,81.0,8.0,9.0,9.0,12.0,-0.25230452941070175,-0.3251957941220666,-0.31427895851919435,-0.08656641887967076
2015-11-30,238.017,0.11946174910508756,0.4363182169185187,59.0,9.0,-0.3251957941220666,-0.10755534268560574,0.6387247515364791,0.09894820166906904,0.12761656067050708,-0.22475875193775918,0.008842961634170088,-0.000420108051790713,0.2413037985344868,0.3297745341246827,0.03503321824429584,-0.18826601524659647,1.231524989320798,59.0,58.0,81.0,84.0,9.0,9.0,12.0,11.0,-0.3251957941220666,-0.31427895851919435,-0.08656641887967076,-0.040598564595380755
2015-12-31,237.761,-0.10755534268560574,0.6387247515364791,58.0,9.0,-0.31427895851919435,-0.04584435630738959,1.2375025026943876,0.11946174910508756,0.4363182169185187,0.09894820166906904,0.12761656067050708,-0.22475875193775918,0.008842961634170088,0.27679208104607333,0.1795718097550525,-0.30846094445592387,0.6531213919623191,58.0,81.0,84.0,85.0,9.0,12.0,11.0,9.0,-0.31427895851919435,-0.08656641887967076,-0.040598564595380755,-0.10490266836674533
2016-01-31,237.652,-0.04584435630738959,1.2375025026943876,81.0,12.0,-0.08656641887967076,-0.13296753235823022,0.8472775790126619,-0.10755534268560574,0.6387247515364791,0.11946174910508756,0.4363182169185187,0.09894820166906904,0.12761656067050708,0.15863197801873063,0.22568611104094582,-0.6370316441765556,-0.22993097820542818,81.0,84.0,85.0,89.0,12.0,11.0,9.0,7.0,-0.08656641887967076,-0.040598564595380755,-0.10490266836674533,-0.014495487019379832
2016-02-29,237.336,-0.13296753235823022,0.8472775790126619,84.0,11.0,-0.040598564595380755,0.31347962382444194,0.8916160965521946,-0.04584435630738959,1.2375025026943876,-0.10755534268560574,0.6387247515364791,0.11946174910508756,0.4363182169185187,-0.000420108051790713,0.2413037985344868,0.25346436802173855,-0.08703146293520536,84.0,85.0,89.0,90.0,11.0,9.0,7.0,7.0,-0.040598564595380755,-0.10490266836674533,-0.014495487019379832,0.0002863456953791744
2016-03-31,238.08,0.31347962382444194,0.8916160965521946,85.0,9.0,-0.10490266836674533,0.38306451612901693,1.1726257503534843,-0.13296753235823022,0.8472775790126619,-0.04584435630738959,1.2375025026943876,-0.10755534268560574,0.6387247515364791,-0.22475875193775918,0.008842961634170088,0.26939517808124425,-0.022031284423873476,85.0,89.0,90.0,95.0,9.0,7.0,7.0,7.0,-0.10490266836674533,-0.014495487019379832,0.0002863456953791744,-0.1585459116470346
2016-04-30,238.992,0.38306451612901693,1.1726257503534843,89.0,7.0,-0.014495487019379832,0.23640958693178504,1.0784764621246223,0.31347962382444194,0.8916160965521946,-0.13296753235823022,0.8472775790126619,-0.04584435630738959,1.2375025026943876,0.09894820166906904,0.12761656067050708,0.10424788961589382,-0.10403098939391064,89.0,90.0,95.0,94.0,7.0,7.0,7.0,7.0,-0.014495487019379832,0.0002863456953791744,-0.1585459116470346,-0.11812757866114582
2016-05-31,239.557,0.23640958693178504,1.0784764621246223,90.0,7.0,0.0002863456953791744,0.2775957287827202,1.0792865347959424,0.38306451612901693,1.1726257503534843,0.31347962382444194,0.8916160965521946,-0.13296753235823022,0.8472775790126619,0.11946174910508756,0.4363182169185187,0.3297745341246827,0.03503321824429584,90.0,95.0,94.0,87.0,7.0,7.0,7.0,7.0,0.0002863456953791744,-0.1585459116470346,-0.11812757866114582,-0.4087016937934928
2016-06-30,240.222,0.2775957287827202,1.0792865347959424,95.0,7.0,-0.1585459116470346,-0.05037007434789409,0.8683633430518256,0.23640958693178504,1.0784764621246223,0.38306451612901693,1.1726257503534843,0.31347962382444194,0.8916160965521946,-0.10755534268560574,0.6387247515364791,0.27679208104607333,0.1795718097550525,95.0,94.0,87.0,78.0,7.0,7.0,7.0,9.0,-0.1585459116470346,-0.11812757866114582,-0.4087016937934928,-0.21167434444874786
2016-07-31,240.101,-0.05037007434789409,0.8683633430518256,94.0,7.0,-0.11812757866114582,0.18492217858316895,1.0553158595656864,0.2775957287827202,1.0792865347959424,0.23640958693178504,1.0784764621246223,0.38306451612901693,1.1726257503534843,-0.04584435630738959,1.2375025026943876,0.15863197801873063,0.22568611104094582,94.0,87.0,78.0,72.0,7.0,7.0,9.0,6.0,-0.11812757866114582,-0.4087016937934928,-0.21167434444874786,-0.13380628574643202
2016-08-31,240.545,0.18492217858316895,1.0553158595656864,87.0,7.0,-0.4087016937934928,0.26232097944252075,1.5486446201652182,-0.05037007434789409,0.8683633430518256,0.2775957287827202,1.0792865347959424,0.23640958693178504,1.0784764621246223,-0.13296753235823022,0.8472775790126619,-0.000420108051790713,0.2413037985344868,87.0,78.0,72.0,68.0,7.0,9.0,6.0,6.0,-0.4087016937934928,-0.21167434444874786,-0.13380628574643202,-0.11365430293116616
2016-09-30,241.176,0.26232097944252075,1.5486446201652182,78.0,9.0,-0.21167434444874786,0.23426874979268764,1.685924966243646,0.18492217858316895,1.0553158595656864,-0.05037007434789409,0.8683633430518256,0.2775957287827202,1.0792865347959424,0.31347962382444194,0.8916160965521946,-0.22475875193775918,0.008842961634170088,78.0,72.0,68.0,62.0,9.0,6.0,6.0,7.0,-0.21167434444874786,-0.13380628574643202,-0.11365430293116616,-0.13662960466719556
2016-10-31,241.741,0.23426874979268764,1.685924966243646,72.0,6.0,-0.13380628574643202,0.11789477167711837,1.6843334719788938,0.26232097944252075,1.5486446201652182,0.18492217858316895,1.0553158595656864,-0.05037007434789409,0.8683633430518256,0.38306451612901693,1.1726257503534843,0.09894820166906904,0.12761656067050708,72.0,68.0,62.0,87.0,6.0,6.0,7.0,7.0,-0.13380628574643202,-0.11365430293116616,-0.13662960466719556,0.11828273896329843
2016-11-30,242.026,0.11789477167711837,1.6843334719788938,68.0,6.0,-0.11365430293116616,0.2524522158776188,2.0507989115119862,0.23426874979268764,1.685924966243646,0.26232097944252075,1.5486446201652182,0.18492217858316895,1.0553158595656864,0.23640958693178504,1.0784764621246223,0.11946174910508756,0.4363182169185187,68.0,62.0,87.0,83.0,6.0,7.0,7.0,6.0,-0.11365430293116616,-0.13662960466719556,0.11828273896329843,0.12628753470777426
2016-12-31,242.637,0.2524522158776188,2.0507989115119862,62.0,7.0,-0.13662960466719556,0.4043076694815628,2.5103933482571117,0.11789477167711837,1.6843334719788938,0.23426874979268764,1.685924966243646,0.26232097944252075,1.5486446201652182,0.2775957287827202,1.0792865347959424,-0.10755534268560574,0.6387247515364791,62.0,87.0,83.0,83.0,7.0,7.0,6.0,6.0,-0.13662960466719556,0.11828273896329843,0.12628753470777426,0.1678113673444078
2017-01-31,243.618,0.4043076694815628,2.5103933482571117,87.0,7.0,0.11828273896329843,0.15926573570097524,2.8103616813294208,0.2524522158776188,2.0507989115119862,0.11789477167711837,1.6843334719788938,0.23426874979268764,1.685924966243646,-0.05037007434789409,0.8683633430518256,-0.04584435630738959,1.2375025026943876,87.0,83.0,83.0,86.0,7.0,6.0,6.0,7.0,0.11828273896329843,0.12628753470777426,0.1678113673444078,0.1865065415303045
2017-02-28,244.006,0.15926573570097524,2.8103616813294208,83.0,6.0,0.12628753470777426,-0.04672016261895173,2.44119623655914,0.4043076694815628,2.5103933482571117,0.2524522158776188,2.0507989115119862,0.11789477167711837,1.6843334719788938,0.18492217858316895,1.0553158595656864,-0.13296753235823022,0.8472775790126619,83.0,83.0,86.0,86.0,6.0,6.0,7.0,7.0,0.12628753470777426,0.1678113673444078,0.1865065415303045,0.25373444013057855
2017-03-31,243.892,-0.04672016261895173,2.44119623655914,83.0,6.0,0.1678113673444078,0.12341528217407749,2.176223471915395,0.15926573570097524,2.8103616813294208,0.4043076694815628,2.5103933482571117,0.2524522158776188,2.0507989115119862,0.26232097944252075,1.5486446201652182,0.31347962382444194,0.8916160965521946,83.0,86.0,86.0,90.0,6.0,7.0,7.0,7.0,0.1678113673444078,0.1865065415303045,0.25373444013057855,0.14924855044960691
2017-04-30,244.193,0.12341528217407749,2.176223471915395,86.0,7.0,0.1865065415303045,-0.07739779600562935,1.8563431667619756,-0.04672016261895173,2.44119623655914,0.15926573570097524,2.8103616813294208,0.4043076694815628,2.5103933482571117,0.23426874979268764,1.685924966243646,0.38306451612901693,1.1726257503534843,86.0,86.0,90.0,90.0,7.0,7.0,7.0,7.0,0.1865065415303045,0.25373444013057855,0.14924855044960691,0.12395287819663182
2017-05-31,244.004,-0.07739779600562935,1.8563431667619756,86.0,7.0,0.25373444013057855,0.0651628661825221,1.640565809959127,0.12341528217407749,2.176223471915395,-0.04672016261895173,2.44119623655914,0.15926573570097524,2.8103616813294208,0.11789477167711837,1.6843334719788938,0.23640958693178504,1.0784764621246223,86.0,90.0,90.0,85.0,7.0,7.0,7.0,11.0,0.25373444013057855,0.14924855044960691,0.12395287819663182,-0.02368103029633489
2017-06-30,244.163,0.0651628661825221,1.640565809959127,90.0,7.0,0.14924855044960691,0.03276499715354486,1.7251073506566073,-0.07739779600562935,1.8563431667619756,0.12341528217407749,2.176223471915395,-0.04672016261895173,2.44119623655914,0.2524522158776188,2.0507989115119862,0.2775957287827202,1.0792865347959424,90.0,90.0,85.0,76.0,7.0,7.0,11.0,12.0,0.14924855044960691,0.12395287819663182,-0.02368103029633489,-0.05446242323267204
2017-07-31,244.243,0.03276499715354486,1.7251073506566073,90.0,7.0,0.12395287819663182,0.38486261632881824,1.92812155729698,0.0651628661825221,1.640565809959127,-0.07739779600562935,1.8563431667619756,0.12341528217407749,2.176223471915395,0.4043076694815628,2.5103933482571117,-0.05037007434789409,0.8683633430518256,90.0,85.0,76.0,73.0,7.0,11.0,12.0,6.0,0.12395287819663182,-0.02368103029633489,-0.05446242323267204,-0.013896778412016218
2017-08-31,245.183,0.38486261632881824,1.92812155729698,85.0,11.0,-0.02368103029633489,0.5106389920997767,2.1805652303711787,0.03276499715354486,1.7251073506566073,0.0651628661825221,1.640565809959127,-0.07739779600562935,1.8563431667619756,0.15926573570097524,2.8103616813294208,0.18492217858316895,1.0553158595656864,85.0,76.0,73.0,71.0,11.0,12.0,6.0,8.0,-0.02368103029633489,-0.05446242323267204,-0.013896778412016218,0.08850151290757018
2017-09-30,246.435,0.5106389920997767,2.1805652303711787,76.0,12.0,-0.05446242323267204,0.07750522450138408,2.020757753132485,0.38486261632881824,1.92812155729698,0.03276499715354486,1.7251073506566073,0.0651628661825221,1.640565809959127,-0.04672016261895173,2.44119623655914,0.26232097944252075,1.5486446201652182,76.0,73.0,71.0,64.0,12.0,6.0,8.0,7.0,-0.05446242323267204,-0.013896778412016218,0.08850151290757018,0.15613478578404674
2017-10-31,246.626,0.07750522450138408,2.020757753132485,73.0,6.0,-0.013896778412016218,0.2668007428251684,2.172493864295566,0.5106389920997767,2.1805652303711787,0.38486261632881824,1.92812155729698,0.03276499715354486,1.7251073506566073,0.12341528217407749,2.176223471915395,0.23426874979268764,1.685924966243646,73.0,71.0,64.0,79.0,6.0,8.0,7.0,7.0,-0.013896778412016218,0.08850151290757018,0.15613478578404674,0.15311612449124914
2017-11-30,247.284,0.2668007428251684,2.172493864295566,71.0,8.0,0.08850151290757018,0.21068892447551058,2.129930719552253,0.07750522450138408,2.020757753132485,0.5106389920997767,2.1805652303711787,0.38486261632881824,1.92812155729698,-0.07739779600562935,1.8563431667619756,0.11789477167711837,1.6843334719788938,71.0,64.0,79.0,83.0,8.0,7.0,7.0,7.0,0.08850151290757018,0.15613478578404674,0.15311612449124914,0.26973969607437054
2017-12-31,247.805,0.21068892447551058,2.129930719552253,64.0,7.0,0.15613478578404674,0.42533443635115464,2.151318868063945,0.2668007428251684,2.172493864295566,0.07750522450138408,2.020757753132485,0.5106389920997767,2.1805652303711787,0.0651628661825221,1.640565809959127,0.2524522158776188,2.0507989115119862,64.0,79.0,83.0,85.0,7.0,7.0,7.0,7.0,0.15613478578404674,0.15311612449124914,0.26973969607437054,0.31393217050028044
2018-01-31,248.859,0.42533443635115464,2.151318868063945,79.0,7.0,0.15311612449124914,0.26922876006090224,2.263468931091861,0.21068892447551058,2.129930719552253,0.2668007428251684,2.172493864295566,0.07750522450138408,2.020757753132485,0.03276499715354486,1.7251073506566073,0.4043076694815628,2.5103933482571117,79.0,83.0,85.0,84.0,7.0,7.0,7.0,10.0,0.15311612449124914,0.26973969607437054,0.31393217050028044,0.22685018496933138
2018-02-28,249.529,0.26922876006090224,2.263468931091861,83.0,7.0,0.26973969607437054,0.0192362410782021,2.3309497646499366,0.42533443635115464,2.151318868063945,0.21068892447551058,2.129930719552253,0.2668007428251684,2.172493864295566,0.38486261632881824,1.92812155729698,0.15926573570097524,2.8103616813294208,83.0,85.0,84.0,86.0,7.0,7.0,10.0,15.0,0.26973969607437054,0.31393217050028044,0.22685018496933138,0.22570849336532675
2018-03-31,249.577,0.0192362410782021,2.3309497646499366,85.0,7.0,0.31393217050028044,0.2604406656061986,2.4709963021052994,0.26922876006090224,2.263468931091861,0.42533443635115464,2.151318868063945,0.21068892447551058,2.129930719552253,0.5106389920997767,2.1805652303711787,-0.04672016261895173,2.44119623655914,85.0,84.0,86.0,90.0,7.0,10.0,15.0,10.0,0.31393217050028044,0.22685018496933138,0.22570849336532675,0.02193082972906489
2018-04-30,250.227,0.2604406656061986,2.4709963021052994,84.0,10.0,0.22685018496933138,0.2257949781598212,2.781921607842497,0.0192362410782021,2.3309497646499366,0.26922876006090224,2.263468931091861,0.42533443635115464,2.151318868063945,0.07750522450138408,2.020757753132485,0.12341528217407749,2.176223471915395,84.0,86.0,90.0,94.0,10.0,15.0,10.0,9.0,0.22685018496933138,0.22570849336532675,0.02193082972906489,0.13599517322033763
2018-05-31,250.792,0.2257949781598212,2.781921607842497,86.0,15.0,0.22570849336532675,0.09011451720948305,2.8075506935940187,0.2604406656061986,2.4709963021052994,0.0192362410782021,2.3309497646499366,0.26922876006090224,2.263468931091861,0.2668007428251684,2.172493864295566,-0.07739779600562935,1.8563431667619756,86.0,90.0,94.0,86.0,15.0,10.0,9.0,8.0,0.22570849336532675,0.02193082972906489,0.13599517322033763,0.1110406614916223
2018-06-30,251.018,0.09011451720948305,2.8075506935940187,90.0,10.0,0.02193082972906489,0.07808204989283585,2.854124785561929,0.2257949781598212,2.781921607842497,0.2604406656061986,2.4709963021052994,0.0192362410782021,2.3309497646499366,0.21068892447551058,2.129930719552253,0.0651628661825221,1.640565809959127,90.0,94.0,86.0,75.0,10.0,9.0,8.0,8.0,0.02193082972906489,0.13599517322033763,0.1110406614916223,0.18040746590922563
2018-07-31,251.214,0.07808204989283585,2.854124785561929,94.0,9.0,0.13599517322033763,0.17873207703393845,2.6429238568742575,0.09011451720948305,2.8075506935940187,0.2257949781598212,2.781921607842497,0.2604406656061986,2.4709963021052994,0.42533443635115464,2.151318868063945,0.03276499715354486,1.7251073506566073,94.0,86.0,75.0,72.0,9.0,8.0,8.0,8.0,0.13599517322033763,0.1110406614916223,0.18040746590922563,-0.006131572120631751
2018-08-31,251.663,0.17873207703393845,2.6429238568742575,86.0,8.0,0.1110406614916223,0.2062281702117419,2.332055105808828,0.07808204989283585,2.854124785561929,0.09011451720948305,2.8075506935940187,0.2257949781598212,2.781921607842497,0.26922876006090224,2.263468931091861,0.38486261632881824,1.92812155729698,86.0,75.0,72.0,67.0,8.0,8.0,8.0,10.0,0.1110406614916223,0.18040746590922563,-0.006131572120631751,0.07729625364795846
2018-09-30,252.182,0.2062281702117419,2.332055105808828,75.0,8.0,0.18040746590922563,0.2339580144498754,2.492032470218053,0.17873207703393845,2.6429238568742575,0.07808204989283585,2.854124785561929,0.09011451720948305,2.8075506935940187,0.0192362410782021,2.3309497646499366,0.5106389920997767,2.1805652303711787,75.0,72.0,67.0,68.0,8.0,8.0,10.0,11.0,0.18040746590922563,-0.006131572120631751,0.07729625364795846,0.13799351390457687
2018-10-31,252.772,0.2339580144498754,2.492032470218053,72.0,8.0,-0.006131572120631751,-0.07041919199911595,2.147328577667773,0.2062281702117419,2.332055105808828,0.17873207703393845,2.6429238568742575,0.07808204989283585,2.854124785561929,0.2604406656061986,2.4709963021052994,0.07750522450138408,2.020757753132485,72.0,67.0,68.0,85.0,8.0,10.0,11.0,10.0,-0.006131572120631751,0.07729625364795846,0.13799351390457687,0.1716977223715861
2018-11-30,252.594,-0.07041919199911595,2.147328577667773,67.0,10.0,0.07729625364795846,0.06848935445813442,2.0023809043401064,0.2339580144498754,2.492032470218053,0.2062281702117419,2.332055105808828,0.17873207703393845,2.6429238568742575,0.2257949781598212,2.781921607842497,0.2668007428251684,2.172493864295566,67.0,68.0,85.0,81.0,10.0,11.0,10.0,8.0,0.07729625364795846,0.13799351390457687,0.1716977223715861,0.22587892440907079
2018-12-31,252.767,0.06848935445813442,2.0023809043401064,68.0,11.0,0.13799351390457687,-0.08149798035343991,1.4875893578291333,-0.07041919199911595,2.147328577667773,0.2339580144498754,2.492032470218053,0.2062281702117419,2.332055105808828,0.09011451720948305,2.8075506935940187,0.21068892447551058,2.129930719552253,68.0,85.0,81.0,88.0,11.0,10.0,8.0,10.0,0.13799351390457687,0.1716977223715861,0.22587892440907079,0.2147491059016146
2019-01-31,252.561,-0.08149798035343991,1.4875893578291333,85.0,10.0,0.1716977223715861,0.3001255142321968,1.5188615351321877,0.06848935445813442,2.0023809043401064,-0.07041919199911595,2.147328577667773,0.2339580144498754,2.492032470218053,0.07808204989283585,2.854124785561929,0.42533443635115464,2.151318868063945,85.0,81.0,88.0,83.0,10.0,8.0,10.0,13.0,0.1716977223715861,0.22587892440907079,0.2147491059016146,0.1590319055715667
2019-02-28,253.319,0.3001255142321968,1.5188615351321877,81.0,8.0,0.22587892440907079,0.37817929172307974,1.8831863513063984,-0.08149798035343991,1.4875893578291333,0.06848935445813442,2.0023809043401064,-0.07041919199911595,2.147328577667773,0.17873207703393845,2.6429238568742575,0.26922876006090224,2.263468931091861,81.0,88.0,83.0,85.0,8.0,10.0,13.0,11.0,0.22587892440907079,0.2147491059016146,0.1590319055715667,0.27151265349238657
2019-03-31,254.277,0.37817929172307974,1.8831863513063984,88.0,10.0,0.2147491059016146,0.3759679404743643,2.000583470209061,0.3001255142321968,1.5188615351321877,-0.08149798035343991,1.4875893578291333,0.06848935445813442,2.0023809043401064,0.2062281702117419,2.332055105808828,0.0192362410782021,2.3309497646499366,88.0,83.0,85.0,90.0,10.0,13.0,11.0,11.0,0.2147491059016146,0.1590319055715667,0.27151265349238657,0.135334622977024
2019-04-30,255.233,0.3759679404743643,2.000583470209061,83.0,13.0,0.1590319055715667,0.02468332856644384,1.7959105553606136,0.37817929172307974,1.8831863513063984,0.3001255142321968,1.5188615351321877,-0.08149798035343991,1.4875893578291333,0.2339580144498754,2.492032470218053,0.2604406656061986,2.4709963021052994,83.0,85.0,90.0,92.0,13.0,11.0,11.0,12.0,0.1590319055715667,0.27151265349238657,0.135334622977024,0.15235320351501996
2019-05-31,255.296,0.02468332856644384,1.7959105553606136,85.0,11.0,0.27151265349238657,-0.03251128102280676,1.671194894390049,0.3759679404743643,2.000583470209061,0.37817929172307974,1.8831863513063984,0.3001255142321968,1.5188615351321877,-0.07041919199911595,2.147328577667773,0.2257949781598212,2.781921607842497,85.0,90.0,92.0,86.0,11.0,11.0,12.0,10.0,0.27151265349238657,0.135334622977024,0.15235320351501996,0.028984604058205143
2019-06-30,255.213,-0.03251128102280676,1.671194894390049,90.0,11.0,0.135334622977024,0.23078761661827762,1.826331335037068,0.02468332856644384,1.7959105553606136,0.3759679404743643,2.000583470209061,0.37817929172307974,1.8831863513063984,0.06848935445813442,2.0023809043401064,0.09011451720948305,2.8075506935940187,90.0,92.0,86.0,76.0,11.0,12.0,10.0,11.0,0.135334622977024,0.15235320351501996,0.028984604058205143,0.011028591775663777
2019-07-31,255.802,0.23078761661827762,1.826331335037068,92.0,12.0,0.15235320351501996,0.09147700174354512,1.7376412106666406,-0.03251128102280676,1.671194894390049,0.02468332856644384,1.7959105553606136,0.3759679404743643,2.000583470209061,-0.08149798035343991,1.4875893578291333,0.07808204989283585,2.854124785561929,92.0,86.0,76.0,69.0,12.0,10.0,11.0,11.0,0.15235320351501996,0.028984604058205143,0.011028591775663777,0.030825947692315125
2019-08-31,256.036,0.09147700174354512,1.7376412106666406,86.0,10.0,0.028984604058205143,0.1538846099767177,1.6844977040391562,0.23078761661827762,1.826331335037068,-0.03251128102280676,1.671194894390049,0.02468332856644384,1.7959105553606136,0.3001255142321968,1.5188615351321877,0.17873207703393845,2.6429238568742575,86.0,76.0,69.0,66.0,10.0,11.0,11.0,9.0,0.028984604058205143,0.011028591775663777,0.030825947692315125,0.0018902266847752314
2019-09-30,256.43,0.1538846099767177,1.6844977040391562,76.0,11.0,0.011028591775663777,0.2827282299262768,1.7339736996186295,0.09147700174354512,1.7376412106666406,0.23078761661827762,1.826331335037068,-0.03251128102280676,1.671194894390049,0.37817929172307974,1.8831863513063984,0.2062281702117419,2.332055105808828,76.0,69.0,66.0,65.0,11.0,11.0,9.0,8.0,0.011028591775663777,0.030825947692315125,0.0018902266847752314,-0.09738508924631989
2019-10-31,257.155,0.2827282299262768,1.7339736996186295,69.0,11.0,0.030825947692315125,0.281542260504386,2.092290394862917,0.1538846099767177,1.6844977040391562,0.09147700174354512,1.7376412106666406,0.23078761661827762,1.826331335037068,0.3759679404743643,2.000583470209061,0.2339580144498754,2.492032470218053,69.0,66.0,65.0,79.0,11.0,9.0,8.0,10.0,0.030825947692315125,0.0018902266847752314,-0.09738508924631989,0.04473534135906521
2019-11-30,257.879,0.281542260504386,2.092290394862917,66.0,9.0,0.0018902266847752314,0.29122185210892493,2.3195274699624457,0.2827282299262768,1.7339736996186295,0.1538846099767177,1.6844977040391562,0.09147700174354512,1.7376412106666406,0.02468332856644384,1.7959105553606136,-0.07041919199911595,2.147328577667773,66.0,65.0,79.0,73.0,9.0,8.0,10.0,9.0,0.0018902266847752314,-0.09738508924631989,0.04473534135906521,0.16205773101000698
2019-12-31,258.63,0.29122185210892493,2.3195274699624457,65.0,8.0,-0.09738508924631989,0.19216641534238743,2.599767976845202,0.281542260504386,2.092290394862917,0.2827282299262768,1.7339736996186295,0.1538846099767177,1.6844977040391562,-0.03251128102280676,1.671194894390049,0.06848935445813442,2.0023809043401064,65.0,79.0,73.0,67.0,8.0,10.0,9.0,23.0,-0.09738508924631989,0.04473534135906521,0.16205773101000698,0.13019574424461472
2020-01-31,259.127,0.19216641534238743,2.599767976845202,79.0,10.0,0.04473534135906521,0.04746707213065804,2.3413166797595197,0.29122185210892493,2.3195274699624457,0.281542260504386,2.092290394862917,0.2827282299262768,1.7339736996186295,0.23078761661827762,1.826331335037068,-0.08149798035343991,1.4875893578291333,79.0,73.0,67.0,71.0,10.0,9.0,23.0,20.0,0.04473534135906521,0.16205773101000698,0.13019574424461472,0.2778877715580876
2020-02-29,259.25,0.04746707213065804,2.3413166797595197,73.0,9.0,0.16205773101000698,-0.4528447444551498,1.4940399642909163,0.19216641534238743,2.599767976845202,0.29122185210892493,2.3195274699624457,0.281542260504386,2.092290394862917,0.09147700174354512,1.7376412106666406,0.3001255142321968,1.5188615351321877,73.0,67.0,71.0,82.0,9.0,23.0,20.0,9.0,0.16205773101000698,0.13019574424461472,0.2778877715580876,0.3179577172312234
2020-03-31,258.076,-0.4528447444551498,1.4940399642909163,67.0,23.0,0.13019574424461472,-0.7920147553434065,0.3130472940411133,0.04746707213065804,2.3413166797595197,0.19216641534238743,2.599767976845202,0.29122185210892493,2.3195274699624457,0.1538846099767177,1.6844977040391562,0.37817929172307974,1.8831863513063984,67.0,71.0,82.0,92.0,23.0,20.0,9.0,7.0,0.13019574424461472,0.2778877715580876,0.3179577172312234,-0.22779868117856078
2020-04-30,256.032,-0.7920147553434065,0.3130472940411133,71.0,20.0,0.2778877715580876,-0.08983252093487382,0.1982013035848551,-0.4528447444551498,1.4940399642909163,0.04746707213065804,2.3413166797595197,0.19216641534238743,2.599767976845202,0.2827282299262768,1.7339736996186295,0.3759679404743643,2.000583470209061,71.0,82.0,92.0,94.0,20.0,9.0,7.0,6.0,0.2778877715580876,0.3179577172312234,-0.22779868117856078,-0.2417604956024852
2020-05-31,255.802,-0.08983252093487382,0.1982013035848551,82.0,9.0,0.3179577172312234,0.4847499237691677,0.7166562831830481,-0.7920147553434065,0.3130472940411133,-0.4528447444551498,1.4940399642909163,0.04746707213065804,2.3413166797595197,0.281542260504386,2.092290394862917,0.02468332856644384,1.7959105553606136,82.0,92.0,94.0,86.0,9.0,7.0,6.0,6.0,0.3179577172312234,-0.22779868117856078,-0.2417604956024852,-0.3344061858818805
2020-06-30,257.042,0.4847499237691677,0.7166562831830481,92.0,7.0,-0.22779868117856078,0.5096443382793581,0.9968647625897997,-0.08983252093487382,0.1982013035848551,-0.7920147553434065,0.3130472940411133,-0.4528447444551498,1.4940399642909163,0.29122185210892493,2.3195274699624457,-0.03251128102280676,1.671194894390049,92.0,94.0,86.0,76.0,7.0,6.0,6.0,6.0,-0.22779868117856078,-0.2417604956024852,-0.3344061858818805,-0.2091790411148229
2020-07-31,258.352,0.5096443382793581,0.9968647625897997,94.0,6.0,-0.2417604956024852,0.3731343283582156,1.2810698495523853,0.4847499237691677,0.7166562831830481,-0.08983252093487382,0.1982013035848551,-0.7920147553434065,0.3130472940411133,0.19216641534238743,2.599767976845202,0.23078761661827762,1.826331335037068,94.0,86.0,76.0,76.0,6.0,6.0,6.0,6.0,-0.2417604956024852,-0.3344061858818805,-0.2091790411148229,-0.18124050504412656
2020-08-31,259.316,0.3731343283582156,1.2810698495523853,86.0,6.0,-0.3344061858818805,0.2626139536318739,1.3910228912373812,0.5096443382793581,0.9968647625897997,0.4847499237691677,0.7166562831830481,-0.08983252093487382,0.1982013035848551,0.04746707213065804,2.3413166797595197,0.09147700174354512,1.7376412106666406,86.0,76.0,76.0,66.0,6.0,6.0,6.0,8.0,-0.3344061858818805,-0.2091790411148229,-0.18124050504412656,-0.3301534360447125
2020-09-30,259.997,0.2626139536318739,1.3910228912373812,76.0,6.0,-0.2091790411148229,0.1238475828567287,1.2303863428671624,0.3731343283582156,1.2810698495523853,0.5096443382793581,0.9968647625897997,0.4847499237691677,0.7166562831830481,-0.4528447444551498,1.4940399642909163,0.1538846099767177,1.6844977040391562,76.0,76.0,66.0,71.0,6.0,6.0,8.0,6.0,-0.2091790411148229,-0.18124050504412656,-0.3301534360447125,-0.36093962611370767
2020-10-31,260.319,0.1238475828567287,1.2303863428671624,76.0,6.0,-0.18124050504412656,0.2274132890799363,1.1757452138405844,0.2626139536318739,1.3910228912373812,0.3731343283582156,1.2810698495523853,0.5096443382793581,0.9968647625897997,-0.7920147553434065,0.3130472940411133,0.2827282299262768,1.7339736996186295,76.0,66.0,71.0,80.0,6.0,8.0,6.0,12.0,-0.18124050504412656,-0.3301534360447125,-0.36093962611370767,-0.23322803662268912
2020-11-30,260.911,0.2274132890799363,1.1757452138405844,66.0,8.0,-0.3301534360447125,0.4346309661148906,1.3204191315779434,0.1238475828567287,1.2303863428671624,0.2626139536318739,1.3910228912373812,0.3731343283582156,1.2810698495523853,-0.08983252093487382,0.1982013035848551,0.281542260504386,2.092290394862917,66.0,71.0,80.0,85.0,8.0,6.0,12.0,17.0,-0.3301534360447125,-0.36093962611370767,-0.23322803662268912,-0.18475354272196276
2020-12-31,262.045,0.4346309661148906,1.3204191315779434,71.0,6.0,-0.36093962611370767,0.226678623900467,1.3553199782346148,0.2274132890799363,1.1757452138405844,0.1238475828567287,1.2303863428671624,0.2626139536318739,1.3910228912373812,0.4847499237691677,0.7166562831830481,0.29122185210892493,2.3195274699624457,71.0,80.0,85.0,92.0,6.0,12.0,17.0,18.0,-0.36093962611370767,-0.23322803662268912,-0.18475354272196276,-0.23342701052186102
2021-01-31,262.639,0.226678623900467,1.3553199782346148,80.0,12.0,-0.23322803662268912,0.3556212139095738,1.667502410800381,0.4346309661148906,1.3204191315779434,0.2274132890799363,1.1757452138405844,0.1238475828567287,1.2303863428671624,0.5096443382793581,0.9968647625897997,0.19216641534238743,2.599767976845202,80.0,85.0,92.0,94.0,12.0,17.0,18.0,9.0,-0.23322803662268912,-0.18475354272196276,-0.23342701052186102,-0.25161007843503547
2021-02-28,263.573,0.3556212139095738,1.667502410800381,85.0,17.0,-0.18475354272196276,0.4833575517978028,2.623645747764214,0.226678623900467,1.3553199782346148,0.4346309661148906,1.3204191315779434,0.2274132890799363,1.1757452138405844,0.3731343283582156,1.2810698495523853,0.04746707213065804,2.3413166797595197,85.0,92.0,94.0,99.0,17.0,18.0,9.0,24.0,-0.18475354272196276,-0.23342701052186102,-0.25161007843503547,-0.05675218186563675
2021-03-31,264.847,0.4833575517978028,2.623645747764214,92.0,18.0,-0.23342701052186102,0.6713309948762847,4.137373453318349,0.3556212139095738,1.667502410800381,0.226678623900467,1.3553199782346148,0.4346309661148906,1.3204191315779434,0.2626139536318739,1.3910228912373812,-0.4528447444551498,1.4940399642909163,92.0,94.0,99.0,100.0,18.0,9.0,24.0,12.0,-0.23342701052186102,-0.25161007843503547,-0.05675218186563675,-0.07535045779105015
2021-04-30,266.625,0.6713309948762847,4.137373453318349,94.0,9.0,-0.25161007843503547,0.6672292545710334,4.9264665639830785,0.4833575517978028,2.623645747764214,0.3556212139095738,1.667502410800381,0.226678623900467,1.3553199782346148,0.1238475828567287,1.2303863428671624,-0.7920147553434065,0.3130472940411133,94.0,99.0,100.0,97.0,9.0,24.0,12.0,13.0,-0.25161007843503547,-0.05675218186563675,-0.07535045779105015,-0.2765122133347644
2021-05-31,268.404,0.6672292545710334,4.9264665639830785,99.0,24.0,-0.05675218186563675,0.8591526206762845,5.317418943207719,0.6713309948762847,4.137373453318349,0.4833575517978028,2.623645747764214,0.3556212139095738,1.667502410800381,0.2274132890799363,1.1757452138405844,-0.08983252093487382,0.1982013035848551,99.0,100.0,97.0,95.0,24.0,12.0,13.0,11.0,-0.05675218186563675,-0.07535045779105015,-0.2765122133347644,-0.3206792278305697
2021-06-30,270.71,0.8591526206762845,5.317418943207719,100.0,12.0,-0.07535045779105015,0.46359572974770114,5.269167647240969,0.6672292545710334,4.9264665639830785,0.6713309948762847,4.137373453318349,0.4833575517978028,2.623645747764214,0.4346309661148906,1.3204191315779434,0.4847499237691677,0.7166562831830481,100.0,97.0,95.0,84.0,12.0,13.0,11.0,10.0,-0.07535045779105015,-0.2765122133347644,-0.3206792278305697,-0.2023363892013406
2021-07-31,271.965,0.46359572974770114,5.269167647240969,97.0,13.0,-0.2765122133347644,0.28937547110843287,5.181323173271246,0.8591526206762845,5.317418943207719,0.6672292545710334,4.9264665639830785,0.6713309948762847,4.137373453318349,0.226678623900467,1.3553199782346148,0.5096443382793581,0.9968647625897997,97.0,95.0,84.0,80.0,13.0,11.0,10.0,20.0,-0.2765122133347644,-0.3206792278305697,-0.2023363892013406,-0.009990081993351645
2021-08-31,272.752,0.28937547110843287,5.181323173271246,95.0,11.0,-0.3206792278305697,0.4362937760309826,5.363523425270289,0.46359572974770114,5.269167647240969,0.8591526206762845,5.317418943207719,0.6672292545710334,4.9264665639830785,0.3556212139095738,1.667502410800381,0.3731343283582156,1.2810698495523853,95.0,84.0,80.0,82.0,11.0,10.0,20.0,18.0,-0.3206792278305697,-0.2023363892013406,-0.009990081993351645,-0.07126465172660529
2021-09-30,273.942,0.4362937760309826,5.363523425270289,84.0,10.0,-0.2023363892013406,0.9439954442911347,6.226591220771449,0.28937547110843287,5.181323173271246,0.46359572974770114,5.269167647240969,0.8591526206762845,5.317418943207719,0.4833575517978028,2.623645747764214,0.2626139536318739,1.3910228912373812,84.0,80.0,82.0,74.0,10.0,20.0,18.0,11.0,-0.2023363892013406,-0.009990081993351645,-0.07126465172660529,-0.2786340819312945
2021-10-31,276.528,0.9439954442911347,6.226591220771449,80.0,20.0,-0.009990081993351645,0.830295666261649,6.865559520296194,0.4362937760309826,5.363523425270289,0.28937547110843287,5.181323173271246,0.46359572974770114,5.269167647240969,0.6713309948762847,4.137373453318349,0.1238475828567287,1.2303863428671624,80.0,82.0,74.0,84.0,20.0,18.0,11.0,11.0,-0.009990081993351645,-0.07126465172660529,-0.2786340819312945,0.1596549922854726
2021-11-30,278.824,0.830295666261649,6.865559520296194,82.0,18.0,-0.07126465172660529,0.7108426821220482,7.159457345112474,0.9439954442911347,6.226591220771449,0.4362937760309826,5.363523425270289,0.28937547110843287,5.181323173271246,0.6672292545710334,4.9264665639830785,0.2274132890799363,1.1757452138405844,82.0,74.0,84.0,89.0,18.0,11.0,11.0,27.0,-0.07126465172660529,-0.2786340819312945,0.1596549922854726,0.4367087723644259
2021-12-31,280.806,0.7108426821220482,7.159457345112474,74.0,11.0,-0.2786340819312945,0.6182204083958309,7.578082463000535,0.830295666261649,6.865559520296194,0.9439954442911347,6.226591220771449,0.4362937760309826,5.363523425270289,0.8591526206762845,5.317418943207719,0.4346309661148906,1.3204191315779434,74.0,84.0,89.0,95.0,11.0,11.0,27.0,100.0,-0.2786340819312945,0.1596549922854726,0.4367087723644259,0.5727191355297252
2022-01-31,282.542,0.6182204083958309,7.578082463000535,84.0,11.0,0.1596549922854726,0.7018425579205845,7.949220898953979,0.7108426821220482,7.159457345112474,0.830295666261649,6.865559520296194,0.9439954442911347,6.226591220771449,0.46359572974770114,5.269167647240969,0.226678623900467,1.3553199782346148,84.0,89.0,95.0,86.0,11.0,27.0,100.0,23.0,0.1596549922854726,0.4367087723644259,0.5727191355297252,0.5000728242400635
2022-02-28,284.525,0.7018425579205845,7.949220898953979,89.0,27.0,0.4367087723644259,1.0340040418240992,8.540780148538584,0.6182204083958309,7.578082463000535,0.7108426821220482,7.159457345112474,0.830295666261649,6.865559520296194,0.28937547110843287,5.181323173271246,0.3556212139095738,1.667502410800381,89.0,95.0,86.0,84.0,27.0,100.0,23.0,44.0,0.4367087723644259,0.5727191355297252,0.5000728242400635,0.5902784740639409
2022-03-31,287.467,1.0340040418240992,8.540780148538584,95.0,100.0,0.5727191355297252,0.3878706077567129,8.235161744022502,0.7018425579205845,7.949220898953979,0.6182204083958309,7.578082463000535,0.7108426821220482,7.159457345112474,0.4362937760309826,5.363523425270289,0.4833575517978028,2.623645747764214,95.0,86.0,84.0,89.0,100.0,23.0,44.0,69.0,0.5727191355297252,0.5000728242400635,0.5902784740639409,0.42494431048052766
2022-04-30,288.582,0.3878706077567129,8.235161744022502,86.0,23.0,0.5000728242400635,0.9415001628653163,8.530051713089225,1.0340040418240992,8.540780148538584,0.7018425579205845,7.949220898953979,0.6182204083958309,7.578082463000535,0.9439954442911347,6.226591220771449,0.6713309948762847,4.137373453318349,86.0,84.0,89.0,86.0,23.0,44.0,69.0,36.0,0.5000728242400635,0.5902784740639409,0.42494431048052766,0.221808427815669
2022-05-31,291.299,0.9415001628653163,8.530051713089225,84.0,44.0,0.5902784740639409,1.2952327333770608,8.999298141923106,0.3878706077567129,8.235161744022502,1.0340040418240992,8.540780148538584,0.7018425579205845,7.949220898953979,0.830295666261649,6.865559520296194,0.6672292545710334,4.9264665639830785,84.0,89.0,86.0,85.0,44.0,69.0,36.0,23.0,0.5902784740639409,0.42494431048052766,0.221808427815669,0.1739512790734089
2022-06-30,295.072,1.2952327333770608,8.999298141923106,89.0,69.0,0.42494431048052766,-0.04473484437697017,8.447778206754553,0.9415001628653163,8.530051713089225,0.3878706077567129,8.235161744022502,1.0340040418240992,8.540780148538584,0.7108426821220482,7.159457345112474,0.8591526206762845,5.317418943207719,89.0,86.0,85.0,73.0,69.0,36.0,23.0,20.0,0.42494431048052766,0.221808427815669,0.1739512790734089,0.2795416394524262
2022-07-31,294.94,-0.04473484437697017,8.447778206754553,86.0,36.0,0.221808427815669,0.07526954634839989,8.216255059541266,1.2952327333770608,8.999298141923106,0.9415001628653163,8.530051713089225,0.3878706077567129,8.235161744022502,0.6182204083958309,7.578082463000535,0.46359572974770114,5.269167647240969,86.0,85.0,73.0,67.0,36.0,23.0,20.0,23.0,0.221808427815669,0.1739512790734089,0.2795416394524262,0.3345057627710554
2022-08-31,295.162,0.07526954634839989,8.216255059541266,85.0,23.0,0.1739512790734089,0.4265454225137466,8.205751582451759,-0.04473484437697017,8.447778206754553,1.2952327333770608,8.999298141923106,0.9415001628653163,8.530051713089225,0.7018425579205845,7.949220898953979,0.28937547110843287,5.181323173271246,85.0,73.0,67.0,61.0,23.0,20.0,23.0,16.0,0.1739512790734089,0.2795416394524262,0.3345057627710554,0.09408312485417238
2022-09-30,296.421,0.4265454225137466,8.205751582451759,73.0,20.0,0.2795416394524262,0.5256037865063456,7.757261470809462,0.07526954634839989,8.216255059541266,-0.04473484437697017,8.447778206754553,1.2952327333770608,8.999298141923106,1.0340040418240992,8.540780148538584,0.4362937760309826,5.363523425270289,73.0,67.0,61.0,62.0,20.0,23.0,16.0,16.0,0.2795416394524262,0.3345057627710554,0.09408312485417238,0.08265951923033894
2022-10-31,297.979,0.5256037865063456,7.757261470809462,67.0,23.0,0.3345057627710554,0.24464811278648302,7.131380368978291,0.4265454225137466,8.205751582451759,0.07526954634839989,8.216255059541266,-0.04473484437697017,8.447778206754553,0.3878706077567129,8.235161744022502,0.9439954442911347,6.226591220771449,67.0,61.0,62.0,72.0,23.0,16.0,16.0,14.0,0.3345057627710554,0.09408312485417238,0.08265951923033894,1.021684918069842
2022-11-30,298.708,0.24464811278648302,7.131380368978291,61.0,16.0,0.09408312485417238,0.03347750980888797,6.410831677385809,0.5256037865063456,7.757261470809462,0.4265454225137466,8.205751582451759,0.07526954634839989,8.216255059541266,0.9415001628653163,8.530051713089225,0.830295666261649,6.865559520296194,61.0,62.0,72.0,73.0,16.0,16.0,14.0,12.0,0.09408312485417238,0.08265951923033894,1.021684918069842,0.6454806750904992
2022-12-31,298.808,0.03347750980888797,6.410831677385809,62.0,16.0,0.08265951923033894,0.5515247249069821,6.340296309929161,0.24464811278648302,7.131380368978291,0.5256037865063456,7.757261470809462,0.4265454225137466,8.205751582451759,1.2952327333770608,8.999298141923106,0.7108426821220482,7.159457345112474,62.0,72.0,73.0,76.0,16.0,14.0,12.0,12.0,0.08265951923033894,1.021684918069842,0.6454806750904992,0.4651291594520235
2023-01-31,300.456,0.5515247249069821,6.340296309929161,72.0,14.0,1.021684918069842,0.33948398434380245,5.957648712766894,0.03347750980888797,6.410831677385809,0.24464811278648302,7.131380368978291,0.5256037865063456,7.757261470809462,-0.04473484437697017,8.447778206754553,0.6182204083958309,7.578082463000535,72.0,73.0,76.0,75.0,14.0,12.0,12.0,14.0,1.021684918069842,0.6454806750904992,0.4651291594520235,0.3019324414808998
2023-02-28,301.476,0.33948398434380245,5.957648712766894,73.0,12.0,0.6454806750904992,0.05539412755906081,4.931348641757127,0.5515247249069821,6.340296309929161,0.03347750980888797,6.410831677385809,0.24464811278648302,7.131380368978291,0.07526954634839989,8.216255059541266,0.7018425579205845,7.949220898953979,73.0,76.0,75.0,75.0,12.0,12.0,14.0,12.0,0.6454806750904992,0.4651291594520235,0.3019324414808998,0.37697749337439446
2023-03-31,301.643,0.05539412755906081,4.931348641757127,76.0,12.0,0.4651291594520235,0.4027940313549472,4.946947488062325,0.33948398434380245,5.957648712766894,0.5515247249069821,6.340296309929161,0.03347750980888797,6.410831677385809,0.4265454225137466,8.205751582451759,1.0340040418240992,8.540780148538584,76.0,75.0,75.0,82.0,12.0,14.0,12.0,12.0,0.4651291594520235,0.3019324414808998,0.37697749337439446,0.11614579814232577
2023-04-30,302.858,0.4027940313549472,4.946947488062325,75.0,14.0,0.3019324414808998,0.15122598709624846,4.125314539356473,0.05539412755906081,4.931348641757127,0.33948398434380245,5.957648712766894,0.5515247249069821,6.340296309929161,0.5256037865063456,7.757261470809462,0.3878706077567129,8.235161744022502,75.0,75.0,82.0,79.0,14.0,12.0,12.0,16.0,0.3019324414808998,0.37697749337439446,0.11614579814232577,0.06290020679531291
2023-05-31,303.316,0.15122598709624846,4.125314539356473,75.0,12.0,0.37697749337439446,0.2581466193672721,3.0592533347792994,0.4027940313549472,4.946947488062325,0.05539412755906081,4.931348641757127,0.33948398434380245,5.957648712766894,0.24464811278648302,7.131380368978291,0.9415001628653163,8.530051713089225,75.0,82.0,79.0,72.0,12.0,12.0,16.0,16.0,0.37697749337439446,0.11614579814232577,0.06290020679531291,0.15072839330330284
2023-06-30,304.099,0.2581466193672721,3.0592533347792994,82.0,12.0,0.11614579814232577,0.16968158395787025,3.28032820234625,0.15122598709624846,4.125314539356473,0.4027940313549472,4.946947488062325,0.05539412755906081,4.931348641757127,0.03347750980888797,6.410831677385809,1.2952327333770608,8.999298141923106,82.0,79.0,72.0,67.0,12.0,16.0,16.0,16.0,0.11614579814232577,0.06290020679531291,0.15072839330330284,0.39306431803536895
2023-07-31,304.615,0.16968158395787025,3.28032820234625,79.0,16.0,0.06290020679531291,0.49997537875678955,3.7186358677607556,0.2581466193672721,3.0592533347792994,0.15122598709624846,4.125314539356473,0.4027940313549472,4.946947488062325,0.5515247249069821,6.340296309929161,-0.04473484437697017,8.447778206754553,79.0,72.0,67.0,63.0,16.0,16.0,16.0,13.0,0.06290020679531291,0.15072839330330284,0.39306431803536895,0.4765881495580419
2023-08-31,306.138,0.49997537875678955,3.7186358677607556,72.0,16.0,0.15072839330330284,0.4037394900339164,3.6950823322234427,0.16968158395787025,3.28032820234625,0.2581466193672721,3.0592533347792994,0.15122598709624846,4.125314539356473,0.33948398434380245,5.957648712766894,0.07526954634839989,8.216255059541266,72.0,67.0,63.0,58.0,16.0,16.0,13.0,13.0,0.15072839330330284,0.39306431803536895,0.4765881495580419,0.5095172373687693
2023-09-30,307.374,0.4037394900339164,3.6950823322234427,67.0,16.0,0.39306431803536895,0.09076890042749586,3.2465375076767167,0.49997537875678955,3.7186358677607556,0.16968158395787025,3.28032820234625,0.2581466193672721,3.0592533347792994,0.05539412755906081,4.931348641757127,0.4265454225137466,8.205751582451759,67.0,63.0,58.0,56.0,16.0,13.0,13.0,12.0,0.39306431803536895,0.4765881495580419,0.5095172373687693,0.7018389071724097
2023-10-31,307.653,0.09076890042749586,3.2465375076767167,63.0,13.0,0.4765881495580419,0.14106802143973862,3.139855644977696,0.4037394900339164,3.6950823322234427,0.49997537875678955,3.7186358677607556,0.16968158395787025,3.28032820234625,0.4027940313549472,4.946947488062325,0.5256037865063456,7.757261470809462,63.0,58.0,56.0,66.0,13.0,13.0,12.0,9.0,0.4765881495580419,0.5095172373687693,0.7018389071724097,0.5931864426608631
2023-11-30,308.087,0.14106802143973862,3.139855644977696,58.0,13.0,0.5095172373687693,0.21033019893732519,3.322200208829762,0.09076890042749586,3.2465375076767167,0.4037394900339164,3.6950823322234427,0.49997537875678955,3.7186358677607556,0.15122598709624846,4.125314539356473,0.24464811278648302,7.131380368978291,58.0,56.0,66.0,64.0,13.0,12.0,9.0,10.0,0.5095172373687693,0.7018389071724097,0.5931864426608631,1.0158582835075152
2023-12-31,308.735,0.21033019893732519,3.322200208829762,56.0,12.0,0.7018389071724097,0.34301261599751776,3.1079425939238847,0.14106802143973862,3.139855644977696,0.09076890042749586,3.2465375076767167,0.4037394900339164,3.6950823322234427,0.2581466193672721,3.0592533347792994,0.03347750980888797,6.410831677385809,56.0,66.0,64.0,63.0,12.0,9.0,10.0,12.0,0.7018389071724097,0.5931864426608631,1.0158582835075152,0.8855207874175288
2024-01-31,309.794,0.34301261599751776,3.1079425939238847,66.0,9.0,0.5931864426608631,0.3963924414288167,3.16642120765831,0.21033019893732519,3.322200208829762,0.14106802143973862,3.139855644977696,0.09076890042749586,3.2465375076767167,0.16968158395787025,3.28032820234625,0.5515247249069821,6.340296309929161,66.0,64.0,63.0,66.0,9.0,10.0,12.0,14.0,0.5931864426608631,1.0158582835075152,0.8855207874175288,0.9412962660988733
2024-02-29,311.022,0.3963924414288167,3.16642120765831,64.0,10.0,1.0158582835075152,0.34884992058441533,3.4690014354717524,0.34301261599751776,3.1079425939238847,0.21033019893732519,3.322200208829762,0.14106802143973862,3.139855644977696,0.49997537875678955,3.7186358677607556,0.33948398434380245,5.957648712766894,64.0,63.0,66.0,70.0,10.0,12.0,14.0,10.0,1.0158582835075152,0.8855207874175288,0.9412962660988733,1.2467681525227605
2024-03-31,312.107,0.34884992058441533,3.4690014354717524,63.0,12.0,0.8855207874175288,0.2912462713108077,3.3540471111874304,0.3963924414288167,3.16642120765831,0.34301261599751776,3.1079425939238847,0.21033019893732519,3.322200208829762,0.4037394900339164,3.6950823322234427,0.05539412755906081,4.931348641757127,63.0,66.0,70.0,70.0,12.0,14.0,10.0,10.0,0.8855207874175288,0.9412962660988733,1.2467681525227605,0.716005860406186
2024-04-30,313.016,0.2912462713108077,3.3540471111874304,66.0,14.0,0.9412962660988733,0.03961458839163434,3.238866396761142,0.34884992058441533,3.4690014354717524,0.3963924414288167,3.16642120765831,0.34301261599751776,3.1079425939238847,0.09076890042749586,3.2465375076767167,0.4027940313549472,4.946947488062325,66.0,70.0,70.0,68.0,14.0,10.0,10.0,11.0,0.9412962660988733,1.2467681525227605,0.716005860406186,0.596018853908724
2024-05-31,313.14,0.03961458839163434,3.238866396761142,70.0,10.0,1.2467681525227605,-0.0028741138149102063,2.9700853998204435,0.2912462713108077,3.3540471111874304,0.34884992058441533,3.4690014354717524,0.3963924414288167,3.16642120765831,0.14106802143973862,3.139855644977696,0.15122598709624846,4.125314539356473,70.0,70.0,68.0,63.0,10.0,10.0,11.0,10.0,1.2467681525227605,0.716005860406186,0.596018853908724,0.956894345708039
2024-06-30,313.131,-0.0028741138149102063,2.9700853998204435,70.0,10.0,0.716005860406186,0.1389194937581939,2.9384633061405374,0.03961458839163434,3.238866396761142,0.2912462713108077,3.3540471111874304,0.34884992058441533,3.4690014354717524,0.21033019893732519,3.322200208829762,0.2581466193672721,3.0592533347792994,70.0,68.0,63.0,59.0,10.0,11.0,10.0,11.0,0.716005860406186,0.596018853908724,0.956894345708039,1.3484772864185968
2024-07-31,313.566,0.1389194937581939,2.9384633061405374,68.0,11.0,0.596018853908724,0.1801853517281904,2.6109140322338353,-0.0028741138149102063,2.9700853998204435,0.03961458839163434,3.238866396761142,0.2912462713108077,3.3540471111874304,0.34301261599751776,3.1079425939238847,0.16968158395787025,3.28032820234625,68.0,63.0,59.0,55.0,11.0,10.0,11.0,9.0,0.596018853908724,0.956894345708039,1.3484772864185968,0.8245575847368092
2024-08-31,314.131,0.1801853517281904,2.6109140322338353,63.0,10.0,0.956894345708039,0.22920373984103293,2.432541464144644,0.1389194937581939,2.9384633061405374,-0.0028741138149102063,2.9700853998204435,0.03961458839163434,3.238866396761142,0.3963924414288167,3.16642120765831,0.49997537875678955,3.7186358677607556,63.0,59.0,55.0,54.0,10.0,11.0,9.0,10.0,0.956894345708039,1.3484772864185968,0.8245575847368092,0.9831883363237641
2024-09-30,314.851,0.22920373984103293,2.432541464144644,59.0,11.0,1.3484772864185968,0.2264563237849071,2.5714034967967203,0.1801853517281904,2.6109140322338353,0.1389194937581939,2.9384633061405374,-0.0028741138149102063,2.9700853998204435,0.34884992058441533,3.4690014354717524,0.4037394900339164,3.6950823322234427,59.0,55.0,54.0,54.0,11.0,9.0,10.0,7.0,1.3484772864185968,0.8245575847368092,0.9831883363237641,1.0570746840633056
2024-10-31,315.564,0.2264563237849071,2.5714034967967203,55.0,9.0,0.8245575847368092,0.2804502414724075,2.7141684004842848,0.22920373984103293,2.432541464144644,0.1801853517281904,2.6109140322338353,0.1389194937581939,2.9384633061405374,0.2912462713108077,3.3540471111874304,0.09076890042749586,3.2465375076767167,55.0,54.0,54.0,62.0,9.0,10.0,7.0,8.0,0.8245575847368092,0.9831883363237641,1.0570746840633056,1.621220243668045
2024-11-30,316.449,0.2804502414724075,2.7141684004842848,54.0,10.0,0.9831883363237641,0.36467171645351293,2.872366268806581,0.2264563237849071,2.5714034967967203,0.22920373984103293,2.432541464144644,0.1801853517281904,2.6109140322338353,0.03961458839163434,3.238866396761142,0.14106802143973862,3.139855644977696,54.0,54.0,62.0,63.0,10.0,7.0,8.0,10.0,0.9831883363237641,1.0570746840633056,1.621220243668045,2.089535794647508
2024-12-31,317.603,0.36467171645351293,2.872366268806581,54.0,7.0,1.0570746840633056,0.46693513600313263,2.999412512831112,0.2804502414724075,2.7141684004842848,0.2264563237849071,2.5714034967967203,0.22920373984103293,2.432541464144644,-0.0028741138149102063,2.9700853998204435,0.21033019893732519,3.322200208829762,54.0,62.0,63.0,65.0,7.0,8.0,10.0,11.0,1.0570746840633056,1.621220243668045,2.089535794647508,1.9658016991642866
2025-01-31,319.086,0.46693513600313263,2.999412512831112,62.0,8.0,1.621220243668045,0.2159292479143371,2.8142703731568686,0.36467171645351293,2.872366268806581,0.2804502414724075,2.7141684004842848,0.2264563237849071,2.5714034967967203,0.1389194937581939,2.9384633061405374,0.34301261599751776,3.1079425939238847,62.0,63.0,65.0,68.0,8.0,10.0,11.0,11.0,1.621220243668045,2.089535794647508,1.9658016991642866,1.6722327957073921
2025-02-28,319.775,0.2159292479143371,2.8142703731568686,63.0,10.0,2.089535794647508,-0.05003518098661841,2.4055852640280317,0.46693513600313263,2.999412512831112,0.36467171645351293,2.872366268806581,0.2804502414724075,2.7141684004842848,0.1801853517281904,2.6109140322338353,0.3963924414288167,3.16642120765831,63.0,65.0,68.0,67.0,10.0,11.0,11.0,11.0,2.089535794647508,1.9658016991642866,1.6722327957073921,1.258673857519958
2025-03-31,319.615,-0.05003518098661841,2.4055852640280317,65.0,11.0,1.9658016991642866,0.2208907591946696,2.3337465177498906,0.2159292479143371,2.8142703731568686,0.46693513600313263,2.999412512831112,0.36467171645351293,2.872366268806581,0.22920373984103293,2.432541464144644,0.34884992058441533,3.4690014354717524,65.0,68.0,67.0,72.0,11.0,11.0,11.0,12.0,1.9658016991642866,1.6722327957073921,1.258673857519958,1.1327373220902495
2025-04-30,320.321,0.2208907591946696,2.3337465177498906,68.0,11.0,1.6722327957073921,0.08085639093282637,2.3759340869898393,-0.05003518098661841,2.4055852640280317,0.2159292479143371,2.8142703731568686,0.46693513600313263,2.999412512831112,0.2264563237849071,2.5714034967967203,0.2912462713108077,3.3540471111874304,68.0,67.0,72.0,77.0,11.0,11.0,12.0,11.0,1.6722327957073921,1.258673857519958,1.1327373220902495,4.041397015600358
2025-05-31,320.58,0.08085639093282637,2.3759340869898393,67.0,11.0,1.258673857519958,0.2869798490236386,2.6726833178446263,0.2208907591946696,2.3337465177498906,-0.05003518098661841,2.4055852640280317,0.2159292479143371,2.8142703731568686,0.2804502414724075,2.7141684004842848,0.03961458839163434,3.238866396761142,67.0,72.0,77.0,67.0,11.0,12.0,11.0,10.0,1.258673857519958,1.1327373220902495,4.041397015600358,2.6805947759984488
2025-06-30,321.5,0.2869798490236386,2.6726833178446263,72.0,12.0,1.1327373220902495,0.19657853810264303,2.7318012794754543,0.08085639093282637,2.3759340869898393,0.2208907591946696,2.3337465177498906,-0.05003518098661841,2.4055852640280317,0.36467171645351293,2.872366268806581,-0.0028741138149102063,2.9700853998204435,72.0,77.0,67.0,64.0,12.0,11.0,10.0,9.0,1.1327373220902495,4.041397015600358,2.6805947759984488,1.9656345171836926
2025-07-31,322.132,0.19657853810264303,2.7318012794754543,77.0,11.0,4.041397015600358,0.3824519141221616,2.9392196249335534,0.2869798490236386,2.6726833178446263,0.08085639093282637,2.3759340869898393,0.2208907591946696,2.3337465177498906,0.46693513600313263,2.999412512831112,0.1389194937581939,2.9384633061405374,77.0,67.0,64.0,,11.0,10.0,9.0,,4.041397015600358,2.6805947759984488,1.9656345171836926,
2025-08-31,323.364,0.3824519141221616,2.9392196249335534,67.0,10.0,2.6805947759984488,0.310486015759337,3.022699626172387,0.19657853810264303,2.7318012794754543,0.2869798490236386,2.6726833178446263,0.08085639093282637,2.3759340869898393,0.2159292479143371,2.8142703731568686,0.1801853517281904,2.6109140322338353,67.0,64.0,,,10.0,9.0,,,2.6805947759984488,1.9656345171836926,,
