date,PC1,PC2,PC3,PC4,PC5,PC6,PC7,PC8,PC9,PC10,PC11,PC12,PC13,PC14,PC15,PC16,PC17,PC18,PC19,PC20,PC21,PC22,PC23,PC24,CPI_YoY_future_3m
2011-01-31,-7.049280118476896,-4.727330002942528,-1.6891332931576157,0.2396829733203519,-1.1076612095480138,1.2201224263422041,-1.002518755805078,-0.2607373845166676,0.26099034765339707,-0.3201573091924996,1.5652868651702543,0.5521381776337146,-0.09094936425431939,0.9513482429029075,1.1319986818748067,1.2831336903601624,-0.049524337810855384,0.9582441473327944,0.19226333695614906,-0.5064011517868519,-0.5280567753817819,0.6277079675784422,0.03828840441344529,0.24321406208345667,3.0772344447868694
2011-02-28,-6.555761176240348,-4.95946080910176,-1.306271703321404,0.9439588342885331,-0.867879573350269,1.2888975249467287,-1.1327357942181773,-0.49440313903917193,1.3423187484869166,-0.7223497770052364,1.7302214357665104,0.3228507827914649,0.23104299585615332,1.1146847130737403,0.7314841700595105,1.1555865332881707,-0.14905611848313408,0.8532305380080913,0.37771862613978774,0.09410292395212656,0.30341290977568874,1.0736791101054595,-0.32692143016397135,0.0933002735677016,3.4589718808964998
2011-03-31,-6.918255373305055,-5.18310800292082,-0.44564898309524725,1.0876932721678592,-0.123608368391127,1.1492750538719931,-1.5100221206105682,-1.5081267496717339,1.6125863354946453,-1.429086779543694,1.362017659760393,0.5172263874325261,0.6228691237223557,0.2074972663229058,-0.388117492088892,0.6563205355012164,-0.05119468666567505,0.5496608366939414,0.23070978450718613,0.2520721460682564,0.24608592119227396,-0.09556030350264215,-0.050574244196972255,-0.18895022013046098,3.5023181506360412
2011-04-30,-6.670460533244205,-5.0156204992138615,-0.3092165965105498,0.7928718068253948,0.8794583467472582,0.7500363283111281,-1.7163815775091917,-1.2763965240006616,1.5458622737476828,-1.2393246991796605,1.41264854947525,0.5280684121671166,-0.15668891900357224,0.2137482723751262,-0.857286915555777,0.5454574132366758,0.6983455370809274,-0.850419926228345,0.6119859469626315,0.015901957180561328,0.15910778674997686,-0.22442751583385753,-0.33798787162748783,-0.23373506736846836,3.5798809769996165
2011-05-31,-6.986198486389104,-4.842800281157418,-0.2779421002874012,0.12765877906455547,0.8997933944629855,1.214882971063532,-2.1325913209642526,-0.1539270129441209,1.0240069813140258,-1.424004586136917,0.9122597334490473,-0.1903566644519472,0.5358346168094239,-0.18858896301251632,-0.43736189521429214,0.2639943880216368,0.5882594892201709,-1.0486693761121626,1.004941145330901,-1.0065119633301944,0.3799541780253792,0.21274093685847115,-0.02459824887128127,-0.4024273516770135,3.75499603070808
2011-06-30,-8.264426462672754,-4.6314578589277975,-0.638355602300852,-0.8503616291693151,-0.4924546524197803,1.3743917873298173,-1.6857419425085685,0.15308175457272444,-1.3040446259371223,-1.0383215687569318,0.17389222106312438,-1.0772861844926591,0.6593177386423952,0.47938775276971374,-0.6648193816538975,-0.06565503873777444,0.1062817781238704,-0.2546250492659415,1.038762652644127,-0.6234776563609663,0.3586355265767611,0.08182089409461868,0.0907206897121275,-0.5342601028074002,3.812621692818685
2011-07-31,-7.939252453429409,-4.677900165924507,-1.087133132640833,-1.0861467817690207,-0.5172373311607686,0.3720459596988716,-1.3664137679012396,0.2486797759556874,-1.581106154242493,-1.5110876962130397,-0.7804836117117047,-0.9461008208473995,0.016923774179020808,0.4869087992295426,-0.07279682377806747,0.24561411681090817,-0.483193138498144,0.04904169834674836,0.48277013077928005,-0.567542008966806,-0.09937098654757393,0.03786251705838264,-0.7519852528321607,0.011353627510856645,3.5222681306640524
2011-08-31,-7.90738663939732,-5.050329329026676,-1.405866152215239,-1.2049637870971552,-0.3602712551245174,0.3323717628954364,-0.31173473102671606,0.08720640453928888,-0.3634536282545416,-0.9513944489536403,-0.6007721089758477,-0.07671720977200235,0.12350019870425018,0.38907644529619506,0.17049477865006735,0.563467345645935,-0.4897097222555695,-1.0498990707687348,0.2482439625068464,-0.47384961238522094,-0.7356612542236554,-0.4053691013699417,-0.795685284613044,0.004919875216995804,3.451432214581729
2011-09-30,-7.952728134972099,-5.248807709599344,-1.6226927142584593,-1.5278262155047853,-0.6702611667784014,0.35953525010658416,0.130274867455297,-0.2130588444103144,-0.6043138010627651,-0.40649770282270564,-0.5274184735963486,0.09316352889384825,0.3655342738844446,0.7216740952883207,-0.13623364793041834,-0.11016458591075241,0.7245052137743874,-1.60942832563279,0.1877962442297711,-0.01811879870990154,-0.8413205517051129,-0.3485920056763457,-0.5524612629350939,-0.03501502844919075,3.062066838419386
2011-10-31,-7.729436394247005,-5.3657307888561485,-1.661835619738994,-1.2766546395727358,-0.621285121772586,0.3614063062849128,0.7505988742111936,0.15894443328893848,-0.8056987211046135,0.07904380115698173,-0.09775244317203936,-0.7247895746400088,-0.3467607483671043,0.8633456492827335,-0.5029166862046849,-0.7500324775283113,0.9143386577603293,-0.8758538214167865,-0.0268149518204323,-0.09769144374688775,-0.40906583530935686,-0.5233733861926358,-0.7275333102418512,-0.35160602345958775,3.0087663379855023
2011-11-30,-7.436087275189219,-5.030857319488652,-1.440010824110228,-0.5165650300304124,-0.5638490088962751,0.4532493727747996,0.8109353263618427,0.5605456183104763,-0.4394332636894008,0.2690118989754939,-0.0536580523919896,-0.6933965731086212,-0.08028121327823602,0.9382868414466271,-0.6623922207609226,-0.5961159343988401,0.3562129344312907,0.26044734724135027,-0.4426438435808151,-0.2685095204489792,-0.5217395163525995,-0.8383372940716808,-1.1842334657449882,-0.10128678520722516,2.8981784423473878
2011-12-31,-7.61004801916966,-4.597531009622821,-1.2251233536388237,0.20176661624421593,-0.6947589488308106,0.19870277546511303,1.1112839700399755,0.23436023380673154,-0.5131813625805937,0.006934078806407463,-0.4851963692044369,-0.2648757303244575,-0.07540312286033761,1.0520209739979414,0.45121923644825845,-0.4620021535252554,0.5555007286723787,1.6701899154754194,-1.1190596020171302,-0.28911149564613053,-0.024250746438930774,-0.72934531586874,-0.6189460650978513,-0.884943705029422,2.5828752813320977
2012-01-31,-6.683043937917134,-4.394641958163575,-0.5874187338127032,0.4435417207163031,-0.350898420029709,-0.09968709291747717,0.5153536819726385,-0.07158295568456327,-0.11983556209292985,-0.1653330282582491,-0.32002907584620727,-0.105900520258184,-0.29739201194188336,0.7395764530229854,0.8541378672807212,1.298272122612428,0.293076125601074,0.33817382346285496,-0.051686936125628836,0.36922607847753525,0.11701118019847853,-0.2616348357874261,-0.22190193065190278,-0.008743465627356305,2.2731633741348567
2012-02-29,-6.568417005662423,-4.249937584855295,-0.052817618043016885,0.42236880384705466,-0.05532445497237897,0.029913234712282005,0.4269573979169242,-0.4230168641904899,0.9073298698531566,-0.6413731092242916,-0.884051181781475,0.12957183180336734,0.14092265373151625,0.24562839155856647,-0.3707291047036436,0.0680093195195981,0.22631059319988042,0.23713947082518846,-0.10132220563973357,0.7395606471097649,0.4341170574097165,0.014655375793047048,-0.4521211937808202,-0.5177427039691962,1.7379429374660749
2012-03-31,-6.781515929812058,-3.9156544251433902,0.13710299923784566,-0.00014982549285869247,0.6140008459717423,-0.06222883727554269,0.3173063611808806,-0.9273130836154417,0.6358536242550673,-0.7347903465686288,-0.6677874183148224,0.4457203656414697,0.3310948777327511,-0.42170705987996454,-0.3993759799533595,-0.5111069262720095,1.3948202730161712,0.5693819613140391,-0.24606079685546056,0.03945508745706778,0.13557369207884806,-0.1712550290455201,-0.11645593299294854,0.014197574937683942,1.653870448297634
2012-04-30,-6.556713419136081,-3.6091798302186184,-0.3497339489603796,-0.582463148366735,1.0617132883803106,-0.08649724167890128,-0.13110632448335477,-0.14095656969325382,-0.030917596614588445,-0.24687767278375572,0.237326410509926,-0.22770010155547046,-0.3995301351777779,-0.6937412252145979,-0.23403675190614834,0.5782561884855766,1.3137964365007768,0.5029154140829388,-0.318844290567611,-0.49265488826138754,0.03593684277766455,-0.5535627957567946,-0.12045394616636672,-0.09748644770039636,1.4175114798464783
2012-05-31,-7.30235308043306,-3.0900432304150183,-0.6945216948762605,-0.9253401227781232,0.5057406660537254,0.7946652364089326,0.3836586560561101,0.33569979507019077,-0.4667879400360138,-0.43868554729410286,-0.059717866601883066,-0.9737649337553448,0.4318356185172053,-0.6732439343104507,-0.07964586194082733,0.5150849443911509,1.2384146050404046,0.7639468596335817,0.5821834726703626,-0.026143380491740767,0.2636343709708943,-0.08440979673523147,0.1333924592421568,-0.25486797742646167,1.6859349154821235
2012-06-30,-8.081045347038055,-2.8044286478577556,-1.3862663573585035,-0.545169673623453,-0.5457532786407369,0.6865173184720945,0.12110488239092751,0.33658900542907105,-0.9252698215455906,-1.3818268128064306,-0.9486188779408287,-0.8488641492178491,0.10999475138090378,-0.30801998121051666,0.08115750180341444,0.08229352489206433,-0.48862375744275677,1.7063410576570166,0.7145990236501677,0.2025140318589102,0.5608366237738754,-0.49290027729932345,0.7462202166221128,-0.3595016512834575,1.9497168982819613
2012-07-31,-7.5715233696923105,-3.14572718432817,-1.5493487508406159,-0.15321148341234217,-0.4476177635534694,-0.1425904833917978,0.5351174075156351,0.238379719091505,-0.4407379092906078,-1.4306707513389778,-1.7211949379641367,-0.03851187509868994,0.25634302343633486,0.2855805447390777,1.2212204208838657,0.34186013401328996,-0.5031655176169547,1.3161897469355006,0.47479422546821953,0.6059645918729973,-0.36211972192007497,-0.14237626407857637,-0.10492500110164826,0.35815960242539463,2.1556780595369363
2012-08-31,-7.336315996199065,-3.676993584675674,-1.6164757199056496,-0.38286857136182717,-0.4583207200734804,-0.4663615608925201,0.2790210024629324,-0.46694885138863323,0.5700528610027134,-1.0766301574423278,-1.4336735061030366,1.5861858211180757,-0.05566085332682541,-0.03509554353151495,1.084398170690906,0.49612442499816306,-0.4071193675154669,0.2876378755636823,-0.5281524080448761,1.2255308172477115,-0.7093724517478467,-0.023503514339079275,0.46643725809969516,0.35169903680831066,1.7960197033926262
2012-09-30,-6.953424361264201,-4.220584197153841,-1.7653267682457712,-0.4916618278558863,-0.4865685563032281,-0.14838420714985048,0.2195414142071381,0.28298176842785105,1.146427248962754,-0.33315986944555276,-0.17525791351028952,1.7615208319934361,-0.627809882710877,-0.3212416402633535,0.48933174528018153,0.0037166559840851364,0.23069326851036406,-1.45594959199118,-0.7425287949037258,1.7263237628531913,0.02855700459587499,0.18604129672518774,0.4064265797577934,0.3144636333591107,1.7595049796895523
2012-10-31,-6.634257193870232,-4.216542539423753,-1.541768664651253,-0.15172937065826966,-0.7789744868906799,0.329554975223708,0.3520565239203071,0.511647559277194,1.3289294338680047,0.12436578397527678,0.8594362507708976,1.1140423594625226,0.19311790084794853,-0.9429283262499193,-1.2436554298299258,-1.360505282314936,0.5564579441248899,-1.412474777930301,-0.6044966938701605,0.820283427623784,0.5816546787680733,0.819115228995396,1.1325343694167422,0.5891949987325065,1.684061762098299
2012-11-30,-6.564067117292775,-3.8586419036771753,-2.2211966964305687,-0.5027918294982887,-1.062830079970631,0.6103189507270675,0.9458130039093134,0.3072471083107698,-0.40725935333490865,0.1855304971616383,1.892302607926349,-0.3835297585677319,-0.3738152304985728,-1.0856649229591437,-1.4528980155387565,-1.7308083201127855,-0.07741604192076885,0.7108552572734609,-1.0472529882481285,-0.2420253900345472,1.1212539953873746,0.29157900406540815,0.48440006869311175,-0.0020753230194254417,2.0181404902574807
2012-12-31,-5.701853565621291,-2.7486000502837413,-2.029972187282286,0.5187885274590591,0.022363689604759505,-0.2564901483710727,1.81106791373084,-0.04367380407420222,0.493369526442506,0.7435957611675912,2.3368903210111207,-1.1066142967559867,-0.7824351196684088,-1.8088077057412941,-2.3976006901436935,0.2451436243142931,-1.5406563754165774,0.2687599663283727,-1.341217570653218,-0.2716932017543181,-1.0426745078038027,1.9301222314866957,0.8105301384893447,1.6021473363367829,1.5187472411246183
2013-01-31,-5.789343077442732,-2.284878756476894,-1.7538634311979917,-0.3866700649799433,0.4175487093458006,-0.3411141559037056,0.9906384602099846,-0.22356417357193945,0.5150299897563859,0.09399768722135816,0.9182649328067196,-0.1314390159880276,-0.6677374221076267,-1.525704359133347,-0.5842172084456679,1.538668298409114,-0.6843617058498634,-0.08374935858665565,-0.35156449566116554,-0.006923371962478162,-0.8244011081620931,0.6689194363673718,-0.34266197554346234,0.987202397869624,1.138808047576867
2013-02-28,-5.981254154912196,-2.682255334876243,-1.2339086886312092,-0.2888343812164718,0.12702864345522324,-0.19177048328014173,0.25866957998798656,-0.12267667916980166,0.9257534935357181,0.1482694925250963,-0.6130792407486029,1.7322029817001994,-0.08376133721982251,0.09061875083559308,-0.3945800167354131,1.0804089513035895,0.30297406079689687,-0.9908198369776348,0.8741733585936732,-0.26967679649866233,-0.8137380252302888,0.509727522599282,-0.617342894158409,0.5477575327511042,1.3903888279197085
2013-03-31,-6.524658316166174,-2.0928598920491606,-1.2444949803637433,-0.898681500497171,-0.06839265864432346,0.49526946724083876,0.38278911666894855,-0.5234499080512794,-0.44650397198198793,0.5497107986072354,0.10963209131685786,0.20123140759733704,0.7189775620835663,0.07510378046697387,-0.7542065386591578,-0.003703695931084386,1.61169264286833,-0.3124738884395784,0.39494957310519874,-0.13089214712911232,-0.4697254939678431,1.077320946295704,0.4624392048628993,-0.46683225941113987,1.7157935271568725
2013-04-30,-6.479717699673991,-1.7963063889328286,-1.5515247275914872,-0.8479442014451588,0.42361841522475663,0.16321485853579557,0.3928662678059643,-0.24583566593833708,-0.8287559647698977,0.321147169061672,1.1520185457298089,-1.341762814158754,-0.38409477299190115,-0.10609842367185068,-1.2392139887332119,0.6642171997675911,1.1706082111112368,0.8195300301537902,0.9923712844831669,-0.2923250533721588,0.3463159176402943,0.22050799158887374,0.3596211187298054,0.896523359050068,1.885471805415806
2013-05-31,-6.47435337977994,-0.8511594641420147,-1.8456181019600995,-0.31301785849547087,0.7050800516264362,-0.20371597179173706,-0.7581733761591036,0.5028393385881961,0.18170199226524483,-0.6758966081013474,0.10069768223319484,-1.0993357014653375,-0.018837810618453077,-0.5090620392958528,-1.5364886002374996,1.2233063569899527,-1.2888160462357763,1.2992775374882604,0.07525510273103297,-0.4153105647864977,0.147165516868665,-0.9888971369873533,-0.021093394671045592,-0.24264920548903693,1.538809488600279
2013-06-30,-7.292757119897858,-0.8649570112521305,-1.8841692494848143,-0.8659283223985941,0.0026876710900089573,0.48927665534255327,-0.819097127197746,0.07529154232705361,-0.34932607490672796,-0.6444615224595306,-1.3039149416892561,1.3106264194149102,-0.0031922811752092962,-0.4620920269559078,-0.2706494074528607,1.010400656562843,-0.488242474266946,0.7145800479975453,0.5457216473244247,0.23058593469956934,0.24850290648955026,-0.2093488417229785,0.024674769200875586,-0.7540740255495219,1.0947341081747997
2013-07-31,-6.604194246704045,-1.279433178293489,-1.5775342841854676,-1.2249580833173557,-0.4606906042498256,0.45384654567754223,-1.1179694183091589,0.25793721671391956,-0.7147802096525215,-0.6470004314114493,-0.8395682206921838,1.1354579984265307,0.190575571383774,-0.3821927004813697,0.5104330384397865,0.7376208291340954,0.04614072043420585,-0.2560467730936094,1.0564956778854229,-0.09988719827002042,-0.22593363778037323,0.45521981442104353,-0.01235014853077194,-0.22709797026017828,0.8767991434911471
2013-08-31,-6.251245016200695,-2.2125102458017025,-1.3066971067134923,-1.6961042319291968,-0.6958604171207102,0.15688513011125338,0.06417689906724638,0.22606034141159384,-0.8945690020081039,-0.19429887872476648,-0.6471775868867768,0.5778697471706089,0.15141687436887016,-0.17208151443164024,0.6384075722535012,0.16023802870625828,0.8728447582323213,-0.6930029015985618,0.5165439526720174,0.08645732673229624,-0.6845594969441473,0.5952391999421708,-0.22366357957382169,0.6909390808911969,1.2328701961954458
2013-09-30,-6.578884963899279,-2.339703068329717,-2.243107836965014,-1.4082905476696894,-0.2900536843343236,-0.2471672192424044,0.5398865412178603,-0.048077497077174056,-0.5304877181251332,-0.11410364092578018,1.003865768028812,0.1424025995106802,0.06938745939215606,-1.5077211223523914,0.6124398144170418,-0.109119312373659,0.13929942654420246,-0.15148479049441127,-1.127320150218979,-0.08841590686449598,0.25405311347918946,0.05887374400444814,0.22953720973779712,0.9152816713544648,1.5128383667573297
2013-10-31,-5.8495739565455445,-1.9327811399771806,-2.615765809652623,-1.0849948149140645,-0.15880865445918502,-0.4343494042808334,0.6033717325816075,0.5356921962787606,0.28152498240587787,0.213681882497609,1.2182651532379052,-0.15045436995320866,-0.9927716370802375,-1.087157409346959,-0.25355563833850325,-0.5631822253774598,-0.21610839203574886,-0.13680548050764205,-0.8818908475449062,0.056916528413215414,0.29234321419230425,0.3112036630683487,0.23895527224142832,0.529410299014917,1.557758795574915
2013-11-30,-5.694454829567145,-1.7218284264854997,-2.9534227512154025,-0.3855813952892117,-0.7131938195872914,0.4238412709807842,0.8021558809828094,0.8702431457141241,0.8493316207387589,0.70766243189869,1.1993965387531507,0.2351278917493673,0.013907349597613387,-0.12797164080146028,-1.1976814384242864,-0.1080125511143293,-1.0698005698086215,-0.276591880397909,0.1162518182539818,-0.30626703560901786,-0.0642112037374779,-0.22380956617317438,-0.21462447600078738,-0.3898687176571561,1.1204746347724948
2013-12-31,-5.5758850891263645,-1.4484283972001297,-2.5436507651143883,0.20245243703793667,-1.36775261175389,0.4433495089154838,1.129966330889624,-0.007779317595767619,-0.0874894279061394,1.0646202772697921,0.7781361606996245,1.1149648743361391,-0.06073599749414624,0.07287028639005395,-0.8477074481824038,0.0029688661184767624,-0.5521230580567109,-0.1494165674387691,0.4275137935309729,-0.3735686694729745,-0.23655477473972392,-0.1652934498002512,-0.417248841916379,-0.6951315926060799,1.6126949139408042
2014-01-31,-3.910298920296154,-0.7626686864937688,-1.7839132022122464,1.3124086930981913,-0.6729732185445577,-0.001833340941783765,1.0390390504827889,0.17820139895997866,0.07375013066588137,0.8541118832767107,1.0083702552119682,0.5062469468479799,-0.2912142256913739,-0.377509041711409,1.4870107907104713,0.4966731387111466,0.02029039419573364,-1.3133728278415318,0.91675038101096,-1.091585508526455,-0.29064071653280404,0.0121364147946743,-0.546997161762904,-0.1846986177894814,2.015125303606169
2014-02-28,-3.3829200176297016,-0.6140665912377167,-1.442584050903996,1.6944618150545143,-0.08817527135872374,-0.36785581187734434,1.4924147928743814,-0.0011246849427002355,0.051617507640292326,0.747023800250355,0.41118451528588523,-0.17351190928703628,0.5088572046755814,-0.3370528333159,1.514020459576822,0.06901700406045201,0.5166284296543646,-0.9434531895056241,0.0891321619208196,-1.0613435121687487,0.26623024845930315,0.4396696110713498,-0.31724669643499037,-0.057373304981841976,2.166947687079812
2014-03-31,-3.716202166121999,0.056752059037220824,-1.7794639376563877,2.4107557558903885,-0.019279091534539553,-0.6605259876050574,0.2160024380435523,-0.7043476699644338,-0.12264525622340551,0.201881671014916,0.6199510255840902,-0.20159003022540198,-0.04522523291558185,0.6713433411798098,0.04061503414601569,0.13215075136364138,-1.1088630340372336,-0.6383272233628443,-0.028032098233098435,-1.15002207756036,0.8502735259918618,-0.12631885932430642,-0.10210956952511242,0.05880472047409773,2.0589816945944195
2014-04-30,-3.25937423760507,0.5261655203228053,-1.3102435694655266,3.02729688397278,1.2903317860411987,-1.2579046268870686,0.07463288489526011,-0.2676188592106781,0.8508965560078442,-0.048783745965104604,-0.1617591005685423,-0.12702993104045066,-0.00584244227275424,1.2236639730910606,0.3465078067506609,-0.042685608863480135,-1.0626650616131363,-1.1270446253347257,-0.8582213800084336,-1.7368652842075676,0.6363442910656455,0.3879264615834969,-0.007880873854505246,-0.5594530713320012,1.9742378703305974
2014-05-31,-3.5332858692556757,0.12320578937103868,-1.2242279285825868,0.9898924002247323,0.7077115553269663,-0.057800084394363634,-0.1190101855682519,-0.09349641578453628,-0.050139261830776494,0.0716166675164921,0.5780696344281567,-0.1880372450063008,0.4587670851300992,0.1651683773590918,0.57177087061811,0.551014956026223,-0.14457617476885662,-0.966557330602411,0.2853452547293497,-1.0834378073787545,-0.06256472664246573,0.1681149221706241,-0.5066743468211692,-0.4078458663348752,1.7150983482969062
2014-06-30,-4.052770629191273,-0.3098178152751212,-1.0064269247014013,0.7796830387332004,0.14605043855239777,-0.10321623314474346,-0.11941398606186734,0.19705987902317904,-0.9753921810519416,-0.3646785348981883,-0.21461983722746922,-0.3359742190046995,0.2564794820291065,-0.08934122111372979,1.4666878331533197,0.1764851971030661,-0.07090299463113517,-0.8616700730346556,0.7879263468195739,-0.8270545848140259,-0.009743616245526911,-0.251429170339376,-0.3030436948476731,-0.46139415670061246,1.6840509711232077
2014-07-31,-4.180606762807282,-0.47720866362713527,-1.1115572129029407,1.1109183393768431,-0.011199394256729143,-0.42163402967063446,0.4611225541828777,0.29206510901177013,-0.6599863440010441,-0.60931774927319,-0.6344795421673197,-0.36512612193523075,0.6019705921681454,0.4397456317243499,2.1308054864794634,-0.15816759875308747,-0.2966961301568664,-1.0190905097312393,0.5557252922946416,-0.8640235375167157,0.07391994443368492,-0.19484229430279598,-0.26110304390805084,0.23071425304333915,1.6095417021513292
2014-08-31,-4.26429541983435,-0.9089584565800113,-1.9243045816546458,1.1876621691966145,-0.32769883553308843,-1.0218901188000837,0.5273567484007461,0.06384225267805145,-0.68543214350005,-0.5892183906824909,-0.4797540727833816,-0.6762624192398703,0.36033219529158844,0.37926359413698635,1.5446380116645408,-0.41063399080409824,-0.1763945867246488,-0.47780507173322434,-0.4657701339681802,-0.5168637431814783,-0.32615945282379477,0.20059825714357274,-0.03149741109050419,0.2168217108927772,1.231524989320798
2014-09-30,-4.287663276569164,-0.9657673239044828,-1.9740420706839517,1.6635722312534302,-0.17151424047651567,-1.1345671593997377,1.0773350575781884,-0.17481236708334622,0.2753135085010115,-0.1507428347125634,-0.055671335956694566,-0.7332777046331023,-0.08236900563046845,1.0211623059527277,0.9874276632649946,-0.5523564123450052,-0.14848804872337695,-0.6077610281374565,-0.9573839304745712,0.08626332168498616,-0.6910029461150438,-0.3981257731124279,-0.10859861514229144,1.1041535536029305,0.6531213919623191
2014-10-31,-4.100795666730279,-0.900414383039976,-1.6967165639276256,1.8365824471191838,-0.23861591679994582,-0.5420259683544354,1.5824313356048423,0.061895564350110864,1.3583537484785295,0.10684096400797927,0.04004322262889244,-0.7301360879090322,-0.330349307933159,1.1042860638309804,0.7806820394784212,-0.7729099535837216,0.058535465810016694,-0.14979839022203562,-0.7090383119780173,0.5238009931614436,-0.7242398806702597,-0.7251920824414165,0.6357715552022261,-0.1079781063886732,-0.22993097820542818
2014-11-30,-4.20698961408403,-0.7623722196741345,-1.9806863037055338,1.9822476417476385,-0.037112127883817514,-0.5121467398596528,2.057439104258246,-0.13347295453381527,0.9149223640774929,0.13912481829413906,-0.26640891939594263,-0.6863482794649657,0.39604177740317853,1.155682398100861,0.18421294261224141,-0.265609151149281,0.4537020348944217,0.35478255522784524,-0.6767033009586038,1.1665673132374736,0.6186041041538723,-0.10707879744112148,0.16039311035261705,-0.7370977515361278,-0.08703146293520536
2014-12-31,-3.9089761082680576,0.14273894387418348,-1.6545267457794244,2.4124889167852093,0.19807461057525583,-0.839683151833485,1.999134487847313,-0.41446762961070877,1.0552691320589438,-0.9531424558998256,-0.9677895750589548,-0.8705111330786552,-0.19881941171548154,0.39560533398294184,-0.23265994374471669,-1.0465486696471944,0.4641630753062403,1.1226736004268574,0.15219341466980918,0.7414220425281726,0.7968788791133674,0.10465581813061231,-0.02117040148203388,-0.8511645183842241,-0.022031284423873476
2015-01-31,-3.423785316088388,1.2457714506207358,-1.7776490876289548,2.3604006564103748,1.1142931078882017,-1.542036730592409,2.4842881125146414,-0.2973543281492911,1.5895747575158492,-0.8749774378695642,-0.7221449271466267,-1.5751074587568472,0.43638656489445693,-0.4836682013721777,0.42392124549304405,0.06723762742205493,0.7389531251532925,0.6223386694118774,0.7011679181472227,-0.1855978873089201,0.08858920498287251,0.2377946141409633,0.8124597133139833,-0.01402792817407784,-0.10403098939391064
2015-02-28,-3.716428276729753,2.2524758580156488,-2.1582340561647455,1.5417204302765155,0.5951078817298918,-0.9294448110598784,1.429341730894267,-0.3641040813251108,1.5261837364639639,-0.3960557687595432,-1.299297453927538,0.037321536380325725,-0.5507073305536287,-0.23344966893605504,0.19433581579039896,0.9784039032316122,-0.6147542234090856,0.984216701434802,0.18207127979164794,0.11329033663641967,0.056853502291055735,-1.1355139274783606,0.1017205443385337,0.8598833957463765,0.03503321824429584
2015-03-31,-3.675504015282534,2.733348798353894,-1.7378332238040244,1.4075600161818465,0.9881406418379719,-0.6369219994200939,0.39945778167681956,-1.0007608287022025,1.4984712419064132,0.31777336399525713,-2.237703659983195,1.6220850403855436,0.17036878553738094,-0.03003901396952916,0.6553665631027297,0.6968867946850265,0.1754121327240863,0.3013868826465097,-1.1458772157115988,0.04474257595873999,-0.11298403199816286,-0.756910315265877,-4.6712746431074505e-05,-0.663353549954264,0.1795718097550525
2015-04-30,-3.562503781968721,2.646064942065062,-1.4510546793856276,0.7550120440106236,1.205399189768682,0.31824463630755473,0.3158199585356899,-1.0173351431411062,0.829909602150507,0.8639337067749903,-0.5179464016529041,1.7563605890420357,-0.3650038538653292,0.14721257116056594,0.6903339502941047,0.1453382858101794,1.7779062599891744,0.2470343510052157,-0.32922657914606746,-0.22184714649876944,1.2043673804764095,0.22397515054663852,0.9612522203843231,-0.006394034383027933,0.22568611104094582
2015-05-31,-3.1973908807464833,2.8809736439889426,-0.7301337958934994,0.542738497806836,1.2995226198755536,1.2163121718828316,-0.44395365362557565,-0.17565671497099217,0.6472055862874421,0.08339110300418731,0.4433238552210899,0.025166847137540933,0.04932486755315841,-0.4277181061594969,0.47190094938100857,0.117845147977132,0.14398095861344137,0.6974052586367101,-0.79037538886498,-0.6147338255923506,0.7775844613204613,-0.5470901377878423,0.5916928539190172,0.7044002774734901,0.2413037985344868
2015-06-30,-4.077496835740903,2.615576941864586,-0.9677863355104452,0.6747645957224374,0.8646021512153779,1.7442892286391354,-0.564232163647989,0.06349558360415504,-0.3321455016210494,-0.9379604418727807,-0.1179855075744939,0.7442377449541693,0.156475480055486,-0.3421594551734676,1.4922881983227119,0.1802862915874342,-0.5233847536389762,0.6302222297254207,-1.0414252553325605,-0.258449979732097,1.10626787173354,-0.9951724366739937,1.0389908126237783,-0.08878543457321969,0.008842961634170088
2015-07-31,-3.6754364838983316,2.7794853161574804,-1.305307247089594,0.31443777767630493,0.3822527754855118,1.2070987658484904,-0.9300866377066983,-0.2716439264087819,0.10352482521980766,-1.3383330992151417,0.5651821984417849,0.07032108168698076,0.19476394136055314,-1.2983406776278454,2.1639917331800183,-0.6025123584162837,-0.5282076105463526,0.22437071232556308,-1.1806719701068165,0.24849007458776484,1.5571587274757208,-0.2701595325441347,0.9502206146578638,0.13332005495427496,0.12761656067050708
2015-08-31,-3.803358843214983,1.665098931774896,-1.3951475658157326,0.6926089535460519,0.0858235965552459,0.5503860179305095,-0.05693571200217008,-0.2462383496987723,0.012817686565540271,-1.73917372756755,-0.14928221017989368,-0.5350794575891381,0.6075121452461765,0.27119903965217496,1.075448866552669,-1.1216231585227,-0.6867238149410945,-0.987187648906583,0.022546036167619903,0.42583559279994104,0.0670762541104712,0.08530341800339923,1.102979192579591,0.4861769956573621,0.4363182169185187
2015-09-30,-3.7126831394847355,1.1811987224106035,-2.4437409532297893,0.5420177642862201,-0.09074438302078057,-0.6477059119938101,0.7026586516436825,-0.12163137415286894,0.168646324663438,-0.914916857779721,0.3470607440248183,-0.9836809847015652,0.262133996197053,0.3850006889867216,0.2920542034653729,-1.2147301771277748,-0.33770160788774795,-0.6510425507482486,-0.11662227740680338,0.6807278964940088,-0.36633348771395846,0.23017108128696795,0.9965820750427711,0.6081083996532077,0.6387247515364791
2015-10-31,-3.422045913482927,1.5055282647489154,-2.694180176764872,0.9963363230270831,-0.04154978986363965,-0.9650290748147613,0.6068570618382149,0.5250419233264899,1.046880746566406,0.05129064589204563,0.2827111139961182,-0.27295634846725086,-0.4550409240597208,0.7659275479948126,-0.3162983224987363,-0.8751535281545207,-0.3623231330534874,0.04538530853132414,-0.39872371344659346,0.7089095793009128,-0.130701340848562,-0.7127244418202138,0.38465724478221897,0.6968047789080527,1.2375025026943876
2015-11-30,-2.980217448178173,1.999047122005222,-2.5354071852153446,1.1969106243556156,-0.38664096383390417,-0.49109732155041264,0.6241417510126307,0.4487307741049343,1.4286356822249129,0.7254846239700351,-0.0520067235809242,0.810711799616667,0.08954156864219448,1.8002036966343595,-1.6074189676369166,-0.27317539709923383,0.2579617072637786,0.3009231254937553,-0.09663592907566097,0.5975208713542394,0.03406211204727329,-0.9462853904416988,0.20997057619150994,-0.6474045840470299,0.8472775790126619
2015-12-31,-2.611543581829757,2.9680471576514473,-1.981245846418168,1.5288684436190332,-0.5379068560599736,-0.2681226715519964,0.42528685791049203,-0.34115810138391683,0.7192369798072359,0.29765572580815153,-0.11151567709969551,0.6565556028915428,0.2779713057927399,1.921893442228187,-1.4568463561938763,-0.09541837650820997,0.8650788012497646,0.4368361483195863,0.227265744152953,0.12695121327700926,0.9569163988597164,-0.15646630789402538,0.38948091517055583,-1.0980235428398453,0.8916160965521946
2016-01-31,-1.5088523535963463,4.147827410373332,-0.8698477373100083,1.5950413010968107,-0.0774299939550186,0.3270131092216771,-0.7305910735080816,-0.3468170828428923,0.6804680731925915,-0.4323206407465741,0.22000847140532181,-0.551153594656731,-0.273852305396324,0.7750250147032361,-1.2719289187713037,0.9015429804832596,-0.6774160427825535,-0.02208761226621381,1.1569343471854425,-0.5320511731152519,0.38099002473069565,0.1357335657551449,0.762588864008453,-0.08192585739054792,1.1726257503534843
2016-02-29,-0.9782327139449704,4.667848064671433,-0.49496701673536825,0.2765846971269362,0.3902733024374051,0.31736786469344264,-0.16175982320611507,-0.17798810028464215,0.630167024015537,-0.21107110061064596,-0.37488356580418175,-0.8982173743524889,0.1577307389290695,-0.43758360638658916,-0.21800578930124007,0.18950371360319562,0.6935293654086747,0.7903417840382838,0.012266362481440005,-0.048490675279044576,0.25548600255784376,-0.23621375533410838,-0.1971314328115719,-0.37386749980670125,1.0784764621246223
2016-03-31,-1.5614298454791327,4.5321630761491,-0.5745519099753149,0.6798445654122561,0.5626740014140459,0.33663306460012193,-0.5433782546551547,-0.5269057849302492,0.22066423178478026,-0.20956942815670734,-0.9034658751210334,0.5006311419295415,-0.2794998993995724,-0.5136356973656007,-0.16955858952549235,0.5456025761584901,0.2973262206267989,1.0646163402859015,-0.831779722423979,-0.5401407412371472,0.545386045777818,-0.6060462132028652,-0.41205343974984654,-0.009209606122811962,1.0792865347959424
2016-04-30,-1.1516643020575361,4.685751550989291,0.16517960848480848,0.22623822618075973,0.8633508724669623,1.0160570478777704,-0.7785149946021405,-0.560635170000467,0.4460946649813256,0.1413596714015716,-0.20271662318972145,0.8606233460339588,-0.442346531870491,-0.19014208097493918,-0.42669382888140855,1.2612514444378784,0.8848565518410604,-0.35181688594640503,-0.22499654050304257,-0.6615451343891124,-0.32704015294047284,-0.5981053499634453,-0.452838182781294,-0.12124706340478096,0.8683633430518256
2016-05-31,-1.7626642191574813,4.4493287844474505,0.5060363855974646,-0.08672397000941592,1.0485868764394226,1.1493598275172623,-1.0315362201759473,-0.6157557598451386,-0.3668415436345764,-0.3113848244639539,-0.3016650267903623,0.4102029758086253,0.3995530342875323,-0.1938772824629927,0.10598195952746983,0.739246673976856,1.8743022542859074,-0.39594267325631566,-0.5453488536101432,-0.8117117031010462,0.3537539251459608,0.2727533839609424,-0.37258057074384693,-0.20953453196419086,1.0553158595656864
2016-06-30,-2.601675268868162,4.1497464956621775,0.5951938563696608,-0.33452183737604096,0.43963435673472767,1.6791619329713636,-1.1899172763196484,0.021432830994027458,-0.799943533293025,-0.9040813397215969,-0.2698101955814661,-0.5161217898442829,-0.7929142018123748,-0.45104983807308857,0.6020695723572665,0.1578293220168529,0.3275107050152825,0.07554544343987946,-0.5954011285960636,-0.8886449131828128,0.8015949007619229,0.03533699323965258,-0.11937255137047292,0.09438129917412173,1.5486446201652182
2016-07-31,-2.495357996660542,3.94978466646975,0.16200417179439563,-0.8954558675728843,-0.07133828016382397,1.6012289616243025,-0.8826771492800713,0.47319742469179493,-0.5472094261716212,-1.1192279595084342,-0.6128607465816253,-1.414445597966194,0.4824691958095928,-0.5785089217557658,0.9997186097523899,0.013632133573866768,-0.1223543145457805,-0.1908761352372968,-0.3370961011001854,-0.38787213463676234,0.36931794948056035,0.5126342705415649,0.23862905088784803,-0.33269125066297567,1.685924966243646
2016-08-31,-3.1905345627516875,3.002727516270014,-0.9381493188247105,-0.6184374781957683,-1.1088231683774084,1.1693090454953459,-0.7229206907378555,0.03199491842739163,-0.9137008272420312,-0.8691028167940963,-0.6633928314861175,-0.5661290021204723,-0.17528923401547136,-0.4296599953452869,0.517325270779894,-0.15497672308761698,-0.9459679533038962,0.21903492238770675,-0.11682069000826813,-0.06699872907551037,0.623277328369915,-0.1444312623630779,0.2688090124176919,0.5232143745986673,1.6843334719788938
2016-09-30,-2.2106365406686406,2.526402012764881,-1.0908166960186836,-0.29937892918510844,-0.6443202957339642,0.5653612768536864,-0.3127505754375972,-0.46757541148831466,0.004333922388166619,-0.5092119588690116,-0.3892555239266736,-0.051725827547659295,0.08900106055058506,0.4805981007699975,-0.5860150293457063,-0.1243480711618376,-1.0918351297895639,-1.0950024887386216,-0.033107062239908114,0.20210144476292674,-0.9515836794248688,-0.18907033515560084,0.17294077825996923,0.4231856325506562,2.0507989115119862
2016-10-31,-1.3347386588343182,2.2645821061734104,-1.185907984592594,-0.4747163680059702,-0.33326704362384946,0.33005736587830636,0.21313491987963462,0.21783920500805778,0.41919110930662645,0.5411421831913098,-0.021985060184925388,0.5018771432423261,-0.8240956853623216,1.1748248862077584,-0.4068264708434934,-0.5229966250883213,0.5316549366323339,-1.0799419180205365,-0.004366483729117132,0.3803174992323834,-0.27299776023675376,0.2668799925583574,-0.016710905591831866,0.08192924873051795,2.5103933482571117
2016-11-30,-0.7185843599631588,2.543849608898576,-0.9567890305875767,-0.200821680028524,-0.3853476717987848,0.7086773448397736,0.5319117675938033,0.8367706821166955,0.6480223182728914,0.9043807335573122,0.28757580497797613,-0.09323029917606113,0.10679065394340456,1.0593859359760147,-1.2274077730179536,-0.7247073159886182,0.3380338138291325,-0.41899166039974284,-0.6574036754915153,0.06719768811300558,0.5840023250612157,0.03804317487529357,-0.15315736929491133,-0.4203890360441287,2.8103616813294208
2016-12-31,-0.4510798289603554,3.158646538305694,-0.6240721011705006,0.14191065489119256,-1.1727805619122398,0.999936710825219,0.44325429128312915,0.11758626585964506,-0.05664238630956624,0.2653177292968092,-0.00903197795794337,0.10016715973530653,-0.24148031254079244,1.283024087261298,-1.504389844324855,-0.5454008773392635,-0.29623588258567896,0.03222698484375463,0.06926281043268025,-0.3612987685726183,0.5567663497114161,-0.5813921117259921,-0.4081753752159828,-0.7368903027406608,2.44119623655914
2017-01-31,1.3934910828795122,3.9820943248772878,0.13756419977711545,0.17116938218407116,-0.21696056542892472,1.0866923476155408,0.1276210892471297,-0.045961543546395034,0.6330623846074985,0.2391701779168177,0.8827447056777364,0.2828963129569284,-0.6544695067148115,-0.5498156116520205,-0.2784892770982366,0.93998239955558,-0.5894277768557417,-0.6942658396792938,0.11702335334107596,-1.1948421729276648,-0.0794816976819976,0.06644250300329167,-0.23967024639743764,0.25606002283874885,2.176223471915395
2017-02-28,1.5577351705015152,4.549621019966022,0.5339102073475857,0.24269888417261898,-0.16591032028236297,1.3804566650538714,0.6138986276782274,-0.45251265278135955,0.4043127896399571,0.3228512421306913,0.31411144222973814,-0.04205994152988894,0.19570728064397946,0.6087770504548383,-0.23312964114574156,0.33492229757724723,-0.47224189105080366,-1.0741973144055716,0.021056390203064997,-1.007946275555723,0.18091680563996648,1.1052795424252175,-0.27278285361854154,-0.4724879326952697,1.8563431667619756
2017-03-31,1.5414234347416174,4.471153984538366,0.9970468802231774,0.11731401097388784,0.5933490020006431,0.8715821197282083,1.2218874469112524,-0.870148574527457,-0.1299136721389247,0.22849400495719793,0.2753126595603532,-0.8416906765996591,0.09171576409751704,0.6752404717755153,-0.3779174351591832,-0.04285206454863994,0.7265039066061978,-0.25211481074696723,-0.15773922045094235,-1.2148791987241678,0.27896215416569053,0.6588651736223535,-0.5332698133608291,0.12577629206859334,1.640565809959127
2017-04-30,1.8633132396995458,5.056257887288438,1.3058923165535044,-0.553410553050386,1.2634373293820802,0.9378348213007573,1.185348327125469,-0.6217774754495841,0.3895453099452151,-0.22580325649625357,0.43684805622705025,-1.4052080695958384,-0.3535383365618382,0.17670433890696532,-0.2883206346568439,0.6642467828517183,0.7004142391953272,-0.08187370578139808,0.05090185601627589,-1.0896764848190643,-0.5314722786008944,-0.5359980834473679,-0.7735049331746416,0.25747156585260594,1.7251073506566073
2017-05-31,0.9459440801919679,5.3119027456622865,0.9557598304785841,-0.24427563307429162,1.2592221462337392,0.6800581169960782,0.6987022635366573,-0.31201946284421833,0.23710787260669644,-0.25916495487500063,-0.13351275350841346,-1.09289759973841,0.42068708295988866,0.07279817680162295,0.223166193910418,0.9846177773084224,0.9458011499916508,0.023720953123236202,0.07240443298054933,-0.694183007364456,-0.3523458463329193,-0.5074944100411416,-0.48499031289862976,0.12297352953333494,1.92812155729698
2017-06-30,0.13986002345703652,5.292644126488398,1.122300463470072,-0.7765342042200535,0.44036999885646094,0.9894843721228714,-0.1778208128266783,-0.36124110630198125,-0.7357401114014332,-1.090485608959091,-1.5368969230301255,-0.8568922497313682,-0.031093736725779055,0.2524260840288192,0.6533643536801397,0.22754296432563953,0.7519416544647771,0.70157163275749,0.13194988393739965,0.3431430502585518,-0.5314561979714846,-0.15314811983147014,-0.07344674017366072,0.0780201249695021,2.1805652303711787
2017-07-31,-0.0943439922639976,4.845407103460259,0.7471394630609687,-0.5312334807412796,0.17076803789099224,0.6746466865202658,-0.17590570842390119,-0.23703627260954802,-0.2578196712650679,-1.2198405670419334,-1.5784518437262878,-1.0622644073489185,0.12168104875488531,0.7289593405913719,0.2881317717018544,0.7289594951272443,-0.25315687226696704,-0.27607517673135035,0.3596851285331523,0.729373493996824,-0.8894257350265106,0.2937893259291165,0.17577814479124898,-0.1594900900352408,2.020757753132485
2017-08-31,-0.32319521818505614,3.744321127304438,0.48484671640383226,-0.9671805344419605,-0.18821773901223046,0.45152482630989305,-0.20898476934480473,-0.28716678609382135,0.36401954687099825,-0.9545409914020796,-1.5693198831192492,0.23585705354604738,-0.24664252481336094,-0.04190609713957722,0.5976429484582554,0.16190483958290097,-0.20252464411331142,-0.24775649090571683,-0.07810984181772056,0.7335166245245828,-0.064523606947048,-0.0025724389394948984,-0.16337604069854014,0.3736165359534923,2.172493864295566
2017-09-30,-0.09787640039441128,2.9974727046563094,0.028956364729658405,-1.327378076857528,-0.520880771943148,0.8485015162734287,-0.0888066298577297,-0.17602012169958878,0.6789401745171145,-0.5686203823288192,-0.9288479644759121,0.8533346557821762,-0.2534544034144363,-0.510338692791627,0.4447487136749428,-0.8270393923999522,-0.4980281955581685,-0.6304139412918143,-0.9277879552562144,0.5566645697786687,-0.22385476662020024,-0.23895890827000701,0.1004316289257936,0.046118082941245565,2.129930719552253
2017-10-31,0.28510132672029104,3.0391686503849797,-0.08085796216813582,-1.505167973547608,-0.5081941289740155,0.9986444743247169,0.7306698108457514,-0.09040772261169876,0.05354159289107007,0.3689483426997772,0.11778665246306035,0.17699080032839523,-0.18248596485025456,0.18970394237840865,0.017815743804251452,-1.4634854193081677,0.6018863150190003,-1.0081936699835232,-0.9557303966428474,0.8276259139092943,0.15423341053142092,0.4938321662805146,0.39491715550236406,-0.0356336659845448,2.151318868063945
2017-11-30,0.9257603797947203,2.940649020645159,-0.396685915919237,-0.9920203286565406,-0.2944239666554087,0.9853961219524239,0.873938008458995,0.3878844440040537,0.34838346999889996,0.3833798905496894,1.1415938537072108,-0.4773740912861293,-0.6145024779377644,0.30382579670110105,-0.862952868698372,-1.3637617856088158,-0.4680522809298184,-0.0652796803811391,-0.7610394621374376,0.10172651679286618,0.6594026158813145,-0.32024741536437357,-0.20982868825315998,-0.06877849706430697,2.263468931091861
2017-12-31,1.5166150746822376,3.63285656844845,-0.07615524805430572,-0.38248531000673597,-0.23965802647575393,0.8498681154038003,1.564142717092593,0.4911875492697075,0.6144818327197306,0.7749824606781635,0.40008595310038486,-0.16707694949219884,-0.2810405286723304,0.6891344440359788,-0.9641414646831812,-1.1500905672318424,-0.4490153194230582,0.33365822365481135,-0.8750842302785726,-0.18418971371273174,0.36562630210020075,-0.4917831051361245,-0.9935056814110539,-1.2306041926831042,2.3309497646499366
2018-01-31,1.769143322988902,4.050505690413786,0.8033237196149898,-0.2498081313513068,0.0682033794650581,1.0488780634603776,1.2698313503631962,-0.6389996100590283,0.2680187866199017,1.0174947505809433,0.6617408894120472,0.723925680317846,-0.14235554221765837,-0.7608320153003587,0.17600484718965764,-0.010298282980875522,0.15608548869002054,0.03546876552150578,-0.2013778220190702,-0.41909152323699633,-0.040377278737482626,-0.08822550110024893,-0.5046731719727849,0.24457021334078802,2.4709963021052994
2018-02-28,2.2219560162586127,4.242436611373783,1.5231030855393697,-0.055065462554378795,0.5500165450913568,0.7818102141763772,0.8145724128308156,-0.6258472848564494,0.18621036304431843,0.6428852491230898,0.5594957680186392,0.22474925114003827,-0.36343964501181786,0.5402548862212029,0.03747746121866638,0.1548048061505052,0.1705358778892698,-0.48095310843185923,0.3070121081036299,-0.42064176679541854,-0.49011920735373754,0.639833009742575,-0.1582034427204283,0.3712299814802792,2.781921607842497
2018-03-31,1.8770846705541513,4.687346377391238,1.8046269354114568,0.09890906894882628,1.020916433665937,0.7298625725756467,0.6187390962324404,-0.5525702320561185,0.17974886205131882,-0.060155745655723424,-0.05254159654925228,-0.8792684549806605,0.5870835331919326,1.2711059040631192,-0.5688214753604033,0.18945819137740139,0.09229500107983754,-0.651151862060503,-0.32845633998307255,-0.05158214300221795,-0.5610235984336578,1.6017637908965288,0.48268631677011636,0.3150050422425991,2.8075506935940187
2018-04-30,1.1296581685861111,4.442653723104038,1.6966731087446176,-0.31903246717155204,1.0713328400330828,0.908695064048314,0.23116779770535972,-0.25625176437375924,0.2393464009876764,-0.13916632029060624,0.630363514734157,-0.6279858154701976,-0.5983856770405416,-0.0411342918299196,-0.9188227934278432,0.6022764307538028,-0.01627287823389974,0.31384679938545973,-0.27787513207346326,-0.04674948609933625,0.0488091191100985,-0.5224563679338912,-0.14920017459908325,0.6719906404597795,2.854124785561929
2018-05-31,0.9946738372787606,4.814033190398192,1.8397586490298208,-0.8307487222294281,0.762251857788533,1.581360847278097,0.018584312116948346,-0.3610822846103059,0.9662863619283211,-0.45233606319712083,0.04417791692113343,-0.4536981093393243,0.18387370537179146,-0.1070156780618361,-0.9068683596782142,0.5523586691581296,0.03845875615275835,-0.46688693246214397,0.7779863191347234,0.022895956778334916,-0.49546761790625937,-0.6136066667632715,0.14847163828999796,-0.3214259398773321,2.6429238568742575
2018-06-30,0.5928145245581631,4.7234440316537,1.3776348707111963,-1.2508434814936416,-0.008860505111144614,1.4913886648729655,-0.2935266041962389,-0.07028694890268691,-0.4642391985806833,-0.6130385672210841,-1.043962728719223,-0.42005980260950376,0.05674319383689179,0.2576322561027382,-0.1629097395987639,-0.2994024062771098,0.08672044943107458,0.01069390864341244,0.38732770142937367,0.3827245361730545,0.2972781322329554,0.3751465592751367,0.18249317105717278,-0.43842231953980587,2.332055105808828
2018-07-31,0.7095374962621507,4.457791707438292,1.4291695216746234,-1.3745313779144714,-0.24357352403535196,1.0937099735950295,-0.29334192791384667,-0.15730390480520057,-0.9430551675010465,-1.190657706706115,-1.3773741750109438,-1.0938455955265685,0.39033641567206057,0.5798522065850442,-0.011195097176374697,-0.5162500630185078,-0.5181759017549254,-0.23506429961107572,0.48666217872190815,0.45353067784916257,-0.5691737559978278,0.48911465019601946,-0.022491559671010176,0.011864393299024044,2.492032470218053
2018-08-31,0.829113779323644,3.4345584521738246,0.842606102729765,-1.8444036046997532,-0.031972762701810716,0.3143000478480014,0.4349540480771197,-0.15465725356414717,-0.44216592830879464,-0.8541098231962013,-0.8092983235010278,-0.6261660853048212,-0.16915353044439982,0.07586716174787159,0.5974595918513447,-0.28579836808147535,-0.04598984209583058,-0.2078605097378334,-0.06354810464127468,0.5251817484956871,-0.9674744274266701,-0.00014493206298115595,-0.32349100827071514,0.5569923488345397,2.147328577667773
2018-09-30,0.9538010295566643,2.987492573632373,0.38050600769978304,-1.9490976353682326,0.11783384308308549,0.11475660935750737,0.8849388107721227,-0.02822563870577775,0.37880595981855253,-0.19066291843321437,-0.16029643325429382,-0.1336975944671986,-0.20010890271483897,-0.3821658353459064,0.5170993825662518,-0.39129661856711184,0.3273428001313633,-0.05706911796328306,-0.8815875981967919,0.6627869654221534,-0.763346435541036,0.21830021299778551,-0.49145351572765705,0.6693576653983399,2.0023809043401064
2018-10-31,0.5929797786943236,2.9285595217717675,0.36338838141391255,-1.410155440543719,-0.3737329920923639,0.7654231853891583,1.0303595810773276,0.005247743728227359,0.673619128932352,0.45521603851672476,0.2528482388444458,0.1746298117617323,-0.3910740164663138,0.8213363865490689,-0.8742422146415731,-0.6498140769292808,0.02317904650054646,-0.268288756632629,-0.17606242939155275,0.8551750137082629,-0.42969354404166066,-0.006509498982951009,-0.07565960816846416,-0.24416957156290325,1.4875893578291333
2018-11-30,1.2401716992773142,3.134951491910455,0.26084742648008574,-1.4412760367398043,-0.1311848697713811,0.6476792615547858,1.2009122526780316,0.21002604047515122,0.39412039582539826,0.5893035720628402,0.6524228405777088,-0.4804077184139218,-0.01168874793771119,0.3685038815343252,-1.3224455720409893,-0.7633295216384323,0.7401055390770538,0.5539931475900746,0.04305162394439421,0.7856120753768556,0.04757383647196397,0.28445286791337376,-0.44562559177413874,-1.0094681167710797,1.5188615351321877
2018-12-31,1.2264599295442342,3.9887378213224323,0.5202087316174332,-0.7789407952252845,-0.11678554950305652,0.7518006567397697,1.238058659094797,-0.12975754189115554,0.3477836508785922,-0.16919939296221256,0.21682383472032207,-0.6705799040495757,-0.029818407878495726,0.1623337796674798,-0.8121674101713248,-0.5845984375358931,0.17306448199057656,1.1150615745642998,0.5143025708650603,0.1136947318163784,0.00831008242342283,-0.00143825325952168,-0.9009083501141381,-0.5255097081205181,1.8831863513063984
2019-01-31,1.5304348107067398,4.423311911303699,1.0974246125981617,-0.45786525359606367,0.5752620575372847,0.2985860271314462,1.214418254839839,-0.3757037659732804,0.27414139741848986,0.12819133380776263,0.14443417200396977,-0.5844076099987359,0.028004447336865797,-0.7489295555578352,0.46875064696966706,0.6403614386149045,0.5675173960161934,1.0547646937128972,0.7001675100714986,-0.39323671095269846,-0.7965089050223215,0.1072949396096681,-0.44108228510587255,0.2805235259633167,2.000583470209061
2019-02-28,1.6640510671201518,4.88261121023635,1.0411971635026185,-0.83536798909104,0.47941107284999845,0.49787044711054695,0.8226972664163694,-0.2137035989627039,0.6511302506490884,0.43533582459560793,-0.21310932811335306,0.12689026014854748,-0.6149132678072597,0.009158646435183033,0.08340874185229218,0.9115628000823651,0.19098930213208465,0.8672444884957621,0.4927345493642711,0.5346395836882615,-0.4888135465402554,0.4330819442347333,-0.18332698818737228,0.1745954681799514,1.7959105553606136
2019-03-31,1.1756411898381058,5.230259124202452,1.565673164094641,-0.35800006515079125,0.48537189398794944,0.8429524596891477,0.10902339609362637,-0.7075941408430771,0.8431760987711314,0.1728779280774566,-0.8093260533599116,0.8401342997558405,0.47376612703532217,0.608991175616865,-0.36722528144959826,0.45071393064422416,-0.6357200281871687,0.4488769497303118,0.08044572881565289,0.5905152678575939,-0.08962922909239576,0.41788763339043955,-0.6173622418199011,-0.19599005207257192,1.671194894390049
2019-04-30,1.1941516863564532,4.978644933294543,2.176751088283035,-1.0357884471054015,0.9028059148711679,1.1121324613750807,-0.052019215250220435,-0.973974510066901,0.7147749485470344,0.2098777497757675,0.23347200911837776,1.2929117607961735,-0.37436651522876696,0.1394198326796638,-0.26405193779618813,-0.24447511564798433,0.8651571249917535,0.2688214303765405,0.42766586868300954,0.2664138556953067,-0.13048302774378134,0.2154539506897383,0.12038670182435013,-0.05714614111592317,1.826331335037068
2019-05-31,1.3087352464873157,5.447556895440383,2.01334798292697,-1.5513398024044571,1.3111955591929016,1.2582345122919976,-0.058798545712896805,-0.3728888239183504,0.4837643991088727,0.03402722110704813,1.3734294071831368,-0.6502137042426906,0.4572631222539796,-0.6014438411122607,0.02651075429854485,0.05250335848174268,0.40641597073783703,0.3538017318191627,0.09429293117039265,-0.026845922221708736,0.10994443442925612,0.755591603334889,0.11275729590194573,-0.0027003440316456704,1.7376412106666406
2019-06-30,0.2776212228976798,5.265772503082402,1.643279018524794,-1.7314546210374204,0.3244912515496576,1.1765955319250203,-0.42630404523593235,0.10853777610100948,-0.40329525907815506,-0.8843481764068043,0.09341783682742302,-1.2753741581836784,0.11455525462323861,-0.049171207102568615,0.30507805642973024,-0.4176345628759101,-0.05345039567307393,0.8856365937189078,0.82504261489975,0.33672192192234457,0.31495032165515024,-0.20409916264519823,0.3513946363577793,0.20367180172196936,1.6844977040391562
2019-07-31,0.2079361910474676,4.940598980728476,1.2394342827941027,-1.824672117982328,-0.061572634677358365,0.8225808605059435,-0.4293977912644901,0.11998238409441159,-0.014370849744272225,-1.0171524544377943,-0.1334479816582882,-0.6680419694318727,0.2690544137859926,-0.7919514209325678,0.8252231687915035,-0.014651515131732124,-1.2847835214801444,0.7045154204449204,0.6039042252112174,0.587345944130049,-0.41345702382897315,-0.5381820158463866,0.35239280238840065,0.4310745605670864,1.7339736996186295
2019-08-31,-0.1980190476754591,3.9354275806963117,0.4335464413964836,-1.9348207418457166,-0.5088172804186636,0.48161112596073263,0.21877149374058275,-0.44090519947703655,-0.2635050001626446,-0.9347916007026988,-0.8666018695756282,0.04669538899595153,0.35668512446633344,0.17688839307163257,0.7580856367621238,-0.2339880751421662,-0.31442758161750284,-0.15194147914655443,0.5132206891407651,1.2189016355928821,-0.7732454904343478,0.4621163477294149,0.015024331771513346,0.011700296887291793,2.092290394862917
2019-09-30,-0.10364077076398963,3.120833918394278,0.3462321821651407,-1.5772068920816065,0.04556676867467357,-0.15633579649579676,0.8401745901009519,-0.6167060890733082,0.40161957080210753,-0.43942972435199334,-0.21834992222487323,0.08496929037489899,-0.00407754649301602,0.09726048051672254,0.021113373253290733,-0.7651127097471706,-0.059626510593618405,-0.7321409152380473,-0.1115370934142546,1.111072136551147,-0.9026038578408407,0.7012691479127005,0.2856493414585788,0.7160785045548467,2.3195274699624457
2019-10-31,-0.0525586157372125,2.7656941544254554,0.358609102043567,-1.7598124701147086,0.13546743009224102,-0.15256710423074388,1.1331170656316667,0.09956849509332229,0.9416074404954616,0.3758975272681644,0.5666911793083428,0.27370004739041026,-0.5460005726041646,0.349328066808215,-0.48474068003377035,-0.5678736842187271,-0.10973350384513238,-0.6917148553684936,0.2664527911412705,0.792252741147813,-0.8167670414409683,-0.025307815620020727,0.0001715082578243967,0.5010233198277692,2.599767976845202
2019-11-30,-0.09159978809315591,2.9663186802897727,-0.29624790460894623,-1.509520528992989,-0.29545211014826867,0.7106871684012115,0.6013722150245291,0.5941926619646031,1.0158115060788668,0.7624045259197094,0.6718650023180435,0.7210420855408406,-0.19292665461361966,0.5286557774473595,-1.1615638415235208,-0.7040576910190494,-0.7318632733763298,0.010328728421338088,-0.48496809291740867,0.5517490030793113,0.1901484626492861,0.2269235070087111,0.006450721769628642,-0.32154387663737494,2.3413166797595197
2019-12-31,0.015391383807198825,2.4265410953052293,-0.01539016467304526,-0.9391559494342223,-1.439019404982947,1.0253469285873726,0.40447622785631404,0.3653364526218777,0.19805370814606393,0.44041045127550865,0.875610101560184,0.7196944852106695,0.07528273676220334,0.37281031610882803,0.6689628657115797,-1.6367345401150326,-1.0857094261966427,0.7231377373593718,-0.10454751104475285,0.2626596344783621,-0.07035854435626868,-0.11599602569669566,-0.7385769090218204,-0.40955239383463643,1.4940399642909163
2020-01-31,1.3341438358712157,1.76362857885671,0.3787023768269713,0.20805502963149744,-1.730420313719077,0.636226566882627,-0.16323569761994874,0.11701907440800571,-0.33880204494710014,1.0579144495966153,2.2598147393845287,-0.3741003248620364,0.3444269751370559,-0.4948140062928901,2.0054233617711463,-0.8516012608422303,-1.8821975857785778,-0.47468846369133333,1.2023637317948797,0.9595719463090515,-2.1741229316491713,0.37769884566971085,0.2051180783373531,-0.737274086356667,0.3130472940411133
2020-02-29,2.0795303373901017,1.030024512060592,-0.28820446532696203,2.1324442243524677,-1.725134486059653,-0.42709898014274233,0.33117594630375974,0.49740278851075975,-0.8745746352908501,1.370261001239543,2.425091834310403,-1.4957389552630405,0.8474305208451666,-1.4515571487194294,3.0581653900559194,-1.2069760118777388,-0.7408090069448858,-0.797311778275946,1.552454069511204,2.0651666767607177,-1.4408837127461183,-0.43724897322293377,-1.53609993752381,-1.7311569237258342,0.1982013035848551
2020-03-31,1.2030350184011014,0.04221126125168384,-0.6291146154837965,5.838136222698768,0.32879602378893935,-4.016121089118096,1.1109006038778229,-0.5388054496801931,-0.7721012778427189,1.2186533789835086,1.851178649689023,-1.6856419443780442,1.699237095733503,-1.8152452690504983,0.9484023804909778,-1.575199395168579,1.3365207841107913,-0.4293473789740435,1.4808876814716838,0.8731888836847671,-0.5062710966037323,-1.1165244147073197,-0.5347563244240795,-1.2363174704254727,0.7166562831830481
2020-04-30,0.7805760006048528,1.1103304612651665,-1.0618675119405934,6.5490187002871005,2.537070941157819,-6.772009106283252,1.1226776754799226,-0.2853265724752059,-1.039270648659854,0.929981797025313,0.7232254253861429,-2.6236365602385012,-0.4016717101034499,-1.302411143615728,-0.353701631918554,-0.3728825162946862,1.895514463211533,0.4512654862088702,1.5447488643119909,-0.04977574198101831,0.05053836341814393,0.2507890325138054,-0.016454937326638545,0.06938340418187,0.9968647625897997
2020-05-31,-0.6167567177983602,3.154781234131473,-0.8463998625540642,7.026206115513285,3.6468562715966253,-7.548342371304659,-0.21652160704860568,1.0250293435949698,0.6932555936662165,0.5947458541517562,-3.9546458817445465,-1.3622849055157429,-0.049810178050165785,0.9582982732254313,-0.6841374982364463,0.1366857592090272,-1.6333524197461056,0.7191234519798022,-1.316020186538272,-0.5086613128447556,0.48133071648290426,1.3952852182099764,0.013171789193042438,0.5108778614973685,1.2810698495523853
2020-06-30,-2.6976142425711465,3.240783292069379,-0.62063423120869,2.47644558243026,0.9893353277512773,-4.039711662875244,-1.8493622087853012,0.8624182323524263,-0.2797456087348578,1.1290185848983334,-3.8412672927545155,2.33160498780809,-0.38108213637121524,-0.13648295910937971,0.1450944115516878,1.2302180786524022,-1.3170873377301857,0.47673144095111486,0.3754509230840412,0.6408496937363736,-0.5599585930800028,-0.009790288931346097,0.158275801692402,-0.14584729244766928,1.3910228912373812
2020-07-31,-2.597707679035779,2.7421988167298093,-0.2096795144757585,0.08995371128710801,0.15067553955933818,-2.1435351463480985,-2.2429212904640434,0.534566583731518,-0.883481608917342,1.808732429229292,-1.7458352137525317,3.4667383706694985,0.5069989591706999,-0.9929685190785215,1.063055984076952,0.5382594634290678,0.763044143141021,-0.4831638085640985,0.5101546274067243,1.0178082709201663,-0.25914655086660066,0.6987022659309483,0.2799565292764471,0.02337370581591726,1.2303863428671624
2020-08-31,-2.707779015232593,1.7741277969543057,0.03240344441000341,-0.5255023130917819,-0.4327391901311359,-1.4191665989315925,-2.580343976752385,0.17661232218093625,-1.9904217724071376,1.2305018113464194,0.2728809430757127,1.905319224862832,0.2947635175610065,-0.820761473423725,0.4061159923702527,-0.6331718376886938,0.13071188489103386,-0.3075077421280387,0.15449459296224888,0.3228992133982919,0.27376241601181517,0.5178597685610999,0.5660394866744256,0.4317413563428197,1.1757452138405844
2020-09-30,-2.4801280572969056,1.3544188083284645,-0.25290814790790017,-0.8740668402373678,0.29394332810047274,-1.4795266739201436,-1.8480638234297293,0.4359307007609522,-1.3267166215316828,1.194185324036304,2.372522934123521,0.30721982255638414,-0.0959985266968497,-1.6732089200780087,0.21709257797927603,-1.183015527566773,-1.012120474793452,-0.03478946831258289,-1.0247030358108746,0.20180271374164876,0.5018649042336163,-0.03680377841160771,0.493598906291227,0.35179383968955513,1.3204191315779434
2020-10-31,-2.7470857514466585,1.5747005961789862,-0.48057417247258366,-0.6407760043902729,0.4032047646149264,-1.5402383179239774,-2.004321767153146,1.4300526889136478,-1.030673537818913,1.3874681495560681,2.463638319536555,-0.05230106135592039,-0.31977359138702255,-2.300259847155633,0.6084604067175063,-1.4166878658481654,-0.9291818068677241,0.9314841432997936,-1.1290481068557412,0.3829337402279625,0.7854857581069911,-0.24872441756653507,0.06168573314664067,0.6452436979608351,1.3553199782346148
2020-11-30,-2.9189646739888824,0.8365743915025335,-0.3016477140606509,-0.35949972291011423,-0.4215816371747334,-1.3785917993268166,-1.5922333510863693,1.7692821126275864,-0.8944872170881617,1.9314253590320278,1.427022972244169,0.6492116207285062,-0.013666213376906405,-0.7498119078087119,-0.6585608939629733,-1.1950287705667844,0.01824705275271595,1.4707314113124825,-0.10755340765251818,0.6621195702886533,0.12497989696484717,-0.8320938014243863,0.11457733067199626,0.28555918817274856,1.667502410800381
2020-12-31,-2.6449270838047094,0.9297218596660228,0.5102623584743554,0.5359427160380916,-0.8428943879899248,-1.4851288370367528,-1.269316230329548,1.030784819231989,-1.2114437079100708,2.4048975557924774,0.8478324349649784,1.486824814318055,0.07678230926409335,0.20443527135463455,-1.189617589360844,0.09182562354317664,0.35393114626135797,1.0561880270716113,0.5472239005908378,0.9373189981459784,-0.7509207940499594,-0.22490170046073515,-0.33310088161129886,0.5133920617084653,2.623645747764214
2021-01-31,-1.883017112866197,1.4365556521243135,1.4666887475181811,0.848360955553154,-0.17568923451303348,-1.244081100635966,-1.5344760520915053,0.19448741502014363,-0.9101288636124614,2.1494564441307635,1.279856404237091,1.2176827204717755,-0.056861710650436346,-0.8855300634160873,-1.407474912161942,0.8761317049541664,0.9240801494538907,0.2458276380279993,1.0596225743714975,0.9486387180112236,-0.6867904730155309,0.8345070588548931,0.472460209945039,0.19190791860229825,4.137373453318349
2021-02-28,-1.2563517483305873,1.578913290355552,2.0515046267815613,1.3976820230370666,-0.053677063152153225,-0.49671494041642084,-1.9931383111609702,0.9944151220368298,0.01927451395717814,1.718829079720038,1.4330607591204318,0.7213034270434594,-0.5225876025831292,-1.01319446247635,-1.148866054065976,0.3986265722336048,0.6540514589910321,0.6219720603903387,1.5412124894645707,0.19420831335399247,-0.23039577879059747,0.3664671805890737,-0.05516612057672423,1.2371226382010176,4.9264665639830785
2021-03-31,-1.5460020175211093,2.2594188329180467,2.24133310668251,2.206470025494395,-0.9184711544576247,0.3664669158386909,-2.691654278601945,0.8656274023057762,-0.36984917773944126,1.3472078313421803,0.8428545811634932,0.509064476009729,0.7088993577349497,-0.6018403883243465,-1.4387027071722576,1.0318774525337817,-0.6249182340684041,0.3253725631626914,1.1692110039996555,-0.3348321277310342,-0.6081428334402417,-0.83065961176111,1.11770381146016,-0.5891483880435135,5.317418943207719
2021-04-30,-1.6607405097939683,2.779230005707017,2.4264239119489295,2.4137608889847653,-1.0358071894350387,0.7571077141346118,-3.5572428654033277,-0.4126110235413804,-1.6995850087890798,1.2668180099752564,0.7013490544506176,1.0603356593574813,-0.23474939421616003,0.1719159605783668,-1.6382308899660212,1.4193670972897543,-1.0001367645084294,-0.12990267143318193,0.7166120784199612,0.14006002885288416,0.8868669773723054,-0.947013551886714,-0.09487198430188463,-0.7207416944578502,5.269167647240969
2021-05-31,-0.8127000763081833,2.046893962327589,4.139638555288437,2.821384392540977,0.6063257427922861,0.14250881843301172,-3.257760043175106,-0.2772146781956437,-0.5817728990992205,0.2631696175315583,0.003507137986830178,0.4581146334158911,-0.364020425403328,-0.9668851860910459,-0.9767810901697263,0.1499441406597052,-0.07705005628022564,-1.1381582793705065,0.06474662577346708,-0.9053214782682025,0.2712639245523383,0.4451935517957483,0.07510322354752252,-0.35598256311608234,5.181323173271246
2021-06-30,-1.1815264049059715,1.4346525378129085,4.86669819016547,1.879902611379247,0.6614862079443274,0.32046243802836727,-2.6948941641556883,0.9314266478418165,-1.5458459525798747,0.6887051092209591,-1.479283735106938,0.23500339258171868,-0.44383491791971375,-0.27062672164525536,0.46306758448035723,-0.3416653239042606,-0.006498182758898317,-1.7581848273122953,-1.3214630511709602,-0.8917815540653536,0.6636805437032797,0.4324249432944087,-0.46214921836819134,0.04556647183542024,5.363523425270289
2021-07-31,-1.3576654883869073,0.5037438389717389,4.5758319738330915,0.6663926445194138,-0.889386133474939,1.3153946918673638,-2.498556616068326,1.4019538805973035,-2.31668277191101,0.738097640824598,-0.6578435225247121,-0.5325075130040356,-0.003385512283358258,-0.8796206173377511,1.056658734899347,-1.0812231555280911,0.37488383354635135,-0.7001455392665897,-0.5306504583637657,-0.9794409341026238,0.31293569552936734,-0.010487047235782044,-0.507482664331203,0.05330794192570376,6.226591220771449
2021-08-31,-1.156733285753459,-0.5028232619378995,4.007641246605275,1.0778328353931965,-1.5106007904855117,0.7659770581383342,-1.3848500612595842,0.964183643047952,-2.777450237212719,0.914164104135833,-0.2561423301738151,-1.3288330409900457,0.23746010018113273,-0.1722692896625571,0.6225000287686326,-0.4996198876018254,0.18099906943438215,-0.31281086250315726,-0.27220915588295325,-0.7638972459065779,0.15101574140230123,-0.13183366227433455,0.5281545192725063,0.5809327027902702,6.865559520296194
2021-09-30,-0.63002582917652,-1.0326406396327865,3.672505212933078,1.344900990199464,-0.7847346422967705,-0.3356426301591739,-0.8060119806955741,0.05532215583730066,-2.341559212325353,0.5653608609077604,-0.3901400059063269,-1.5115336983378922,-0.2232886308045048,-0.03835871140907925,-0.6143279870193264,0.25929774428339586,-0.9353164744187725,-0.8802846072882005,-0.913229403566317,0.33349439908734974,0.12591182374797175,-0.7568950089171067,-0.1300830061438603,0.5549929050353777,7.159457345112474
2021-10-31,0.6313405484230323,-1.7595705754885531,4.002774261037682,1.4730693139587774,-0.42698043282315284,-0.6752520453299586,-1.2897910345857642,0.8515583870766027,-0.23091773931910006,0.4589759038555559,-1.769146629229538,0.422968373049946,-1.5521104952631577,0.3266449422466261,-0.7649648469360855,-0.4181935501026026,-1.219896814153556,-1.942962332511473,-0.2654763969498202,0.1233899849057192,0.11959021025430153,-0.7446540102361249,-0.40147778074923623,-0.46202638795386275,7.578082463000535
2021-11-30,1.576462915654378,-2.331500925772937,4.2748544399095385,1.287155301763867,-1.4752635941245849,0.502616757385793,-1.1956774731364075,1.9023810735870275,-0.19049240616781743,1.9448661493259423,-1.7302849139902619,1.4581490798279233,-0.09962634301308562,0.7660451328980525,-0.5254205964702334,-1.2216514520985435,-0.3796872335629731,-1.2704564033081351,-0.724975773100544,-0.7503006151724331,0.060962181182364086,0.2848712727839263,-0.6723363405678896,-0.6075502442934355,7.949220898953979
2021-12-31,2.4095145432144416,-3.6774681307216617,5.775759881779215,2.524620948870169,-3.8192298017654527,2.2402363879184297,-0.7373965493601835,1.6848088612187966,-1.4142320160581614,2.6570254264661424,-0.18967102939790587,1.7322590470864623,-0.31816366474280977,4.003614031870154,1.424184503185684,-2.6665869397759727,1.4376610733145296,3.34198141646678,-0.3500589499389695,-1.6779830022232565,-1.3139608723168337,-0.3740767744082502,-1.6968312222285113,2.570469049350457,8.540780148538584
2022-01-31,4.905210858451667,-3.764099399178968,6.273829524907045,3.361871259455555,-2.0448825481146793,1.0634145339592722,-0.40121131570095636,-0.33177729272946577,-1.1943625832511084,1.7375518378603527,2.6078175262837777,-1.078803924304621,0.34686425007381355,2.7201279845367603,1.2343422652425573,3.1484879095733236,-0.6687084777802705,1.319507548183009,-3.018201522604374,0.4605975178838869,-1.3073822862168787,-0.0642204351974747,3.5368299692966145,-1.9471972469018797,8.235161744022502
2022-02-28,6.254003227361554,-4.042932628031059,7.402346896187391,3.7342201481222603,-0.5745739624767573,0.7949188350102729,-0.6399137495540733,-0.9376790159084721,1.3569886208101072,-0.6697672249622797,1.6879293007463607,-0.9823203783611393,-1.7980176017435563,1.0458168997058224,1.2055980447424286,1.658655767743766,-1.1978224629693321,0.37199797374115984,-0.5331589745907265,3.3403820632069863,3.8056170473481266,0.7384803918846653,-3.4358921530180178,0.7540478606003996,8.530051713089225
2022-03-31,6.94244536455724,-5.94275349291926,10.30376760129042,5.312641307296448,0.6657166500601155,1.060800600451915,-2.1468509679962984,-0.9669292754853839,6.5455601790082385,-3.501132401189346,-0.7163930108236262,1.3334447085394543,1.3282897093147614,-1.3917035434194436,-0.29019813128103217,-3.914243864749303,-0.2542814451352764,2.4571970188542127,1.0546252584065556,-1.338759286913349,-1.7571638139813643,0.3943781118172039,1.0384864102281108,0.40342771746002826,8.999298141923106
2022-04-30,5.824360990889986,-4.723504059601209,7.8705633498881475,1.6141215900503045,-0.05533167773029747,0.6949290857294077,0.23552888976743616,-0.9781384686989711,-0.6386836105718969,0.6205827877700224,1.8841768840082704,-0.04571642363977562,0.4636099165604723,1.9477770997351527,1.0327179768226082,2.3281291891723193,1.5584522634708877,0.4164741314516621,-0.9356395702596015,1.1297027065143335,-1.454587358114609,0.6644394240465731,1.1838261062299613,-0.40037761216415285,8.447778206754553
2022-05-31,5.996768830620672,-5.046838903593938,8.891875354418817,1.5760841251510123,1.1571317807508676,0.22479052459708285,-0.22665180121699394,-0.9539842115695903,1.5542278885566967,-1.1382558696479368,1.6723102172160427,-0.8540725751445877,-0.6744809701826231,-0.5941722710317762,-0.4772548414010083,1.877704458229154,0.8102213182501579,-1.0834565136940852,0.42576587470229327,2.1111188804722976,0.8934376117712615,-0.09286465193128346,-0.8603878259065081,1.0187632261823154,8.216255059541266
2022-06-30,5.147799673864604,-5.672779200210491,9.316797559002321,1.2744274828909845,0.86537836424517,0.8595802482075553,-1.2041207101217006,0.1819011233436395,2.9820890270324103,-2.5087382457135154,-1.205801954360909,0.7527460876529666,-0.25073588099805827,-2.452678940664083,-0.9596209431167922,-0.9709358404444614,-0.22290561018896443,-1.2947377433910403,0.6097493203926623,-0.01865297053509142,-0.11899591099697526,-1.2609082182565297,-0.12787996650775976,-0.6863076241890507,8.205751582451759
2022-07-31,4.175820738811813,-4.246018716328117,6.883700193062598,-0.6574766745417465,-0.9122898701742491,0.8454728899242743,-0.09524479372538361,0.05929254365852955,-0.8752633836623249,-0.5401545358494798,-1.152184861769271,-0.542724576636719,0.9855035315928525,-0.322299586913814,0.41485203905430024,-1.5271684066780171,1.18955761851118,-0.9098519481838957,0.2762865285281804,-0.5551405837148707,1.1114873488934232,1.6460665839409006,0.8290702920099599,-1.5270836571745667,7.757261470809462
2022-08-31,3.8119023334730997,-4.636978153935315,5.73610035188047,-0.7961444265926788,-0.7414407429201266,-0.2896514981947242,1.124874615502006,-0.16156523285884755,-2.320190355145026,-1.0789863889285143,-0.5498853662842107,-2.9412613970491908,0.11964784733289564,0.4400879065200193,-0.3432093884880572,-0.49659134356797435,-1.2685705293378053,-0.373257891398574,0.189071997163766,-0.9285399828289659,0.8160712119506291,0.8277134765333045,1.2018827228539908,1.0292163890869248,7.131380368978291
2022-09-30,4.198815283012005,-5.3776723864308895,4.948318256940719,-1.2699715125645545,0.41343845351048797,-1.4584781566225067,1.7945747811547104,-0.27564741644743895,-0.5860953453524081,-0.1355783405114337,-1.2459335147981738,-2.2810821392287988,-0.521015691494469,-0.15086741823558708,-1.4155933295273946,0.9435838194692118,-2.2853461384978986,-1.4041444149851616,-0.44839973112121473,-0.026941345052680057,-1.8751957612236343,-1.22200398537635,-0.5637472391753754,1.1064861427111357,6.410831677385809
2022-10-31,4.583822687534925,-5.70948952383552,3.0165989638337525,-2.5982029858823728,1.2577259317939165,-0.23168359021949436,1.4854965644130556,-0.9978867169350646,1.9491111333206674,3.188380413731872,-3.1713291428218424,-0.5186093161886584,-1.9415904543709699,-1.9612834872246903,1.0995289753737718,-0.2061899128652864,0.3129911202013696,-0.29704312176755043,-1.5677527644234108,-0.09924404871440491,-1.1397377412177063,-1.183915229984402,-0.09236445106171515,-1.2904951018712132,6.340296309929161
2022-11-30,4.776282114376349,-6.0096583519026865,2.496835981937871,-2.270129302037414,1.0364712985224127,0.9833188692452057,2.5180583907408187,-0.5713516164944009,-0.23580632967823728,4.502473139046242,-2.8176102456268453,-0.39128207432882267,0.4105769275020042,-0.0016914455738758992,-0.29786282654401497,-0.2886427449392702,1.0246016563678313,-0.9966579656448012,0.8803691514666954,0.6995038100508513,1.3610626795781797,-1.0376024150638385,1.4782947522492145,0.21090398767031704,5.957648712766894
2022-12-31,5.158911976635201,-5.367389894266795,2.432979883396489,-0.8306296514563349,1.746712723854403,0.971225185108096,3.63310726928607,-0.0423686412119586,-3.277460271954528,1.8812754071534648,-2.581955170085816,0.05018981620460749,0.8508239022062173,1.6648119844765699,-2.1304479097618865,-1.3758278099638692,0.05262782244804962,-0.19125970757381458,2.1390823003608355,1.1150428897365852,0.985644312100493,-0.17544823415545527,1.0405610088328858,0.6592487481853623,4.931348641757127
2023-01-31,7.011626846069362,-4.1435078875768365,1.4227700874363527,-0.3883375165962003,5.485807427067806,1.4157046200278829,3.1793549823038227,2.67506869936268,-3.4409219926253902,-1.9260986934223654,0.3929230595059263,2.368595677268375,-0.14213902451479898,-1.5694681754721904,-0.9973644085483239,0.4469007113609649,-2.075247630214335,1.6871752316728068,-1.3539952197824454,-0.35688163302040316,-0.8031421212771243,-1.0539662543706096,-0.7067736515252334,-0.9792738188987107,4.946947488062325
2023-02-28,6.075654659426646,-2.782045473812137,2.719660579522957,-1.9021815979155041,2.1317514697339583,-0.9902471750468376,2.735209648904604,0.5087225381949426,-0.6558522285230564,0.5049201145942118,0.21763942517336576,1.4919921969938283,-0.2528487355904866,-1.3959416061373497,0.23846987486938676,1.132893402956626,-0.48003756413773285,0.27499780355714015,-0.9097370673302708,-0.785096515497453,-0.003405046757650907,0.15741379941090877,-0.4866659798219754,-1.1570830168607114,4.125314539356473
2023-03-31,4.756327271806642,-2.084811395333758,3.4475860203829285,-1.714313646522198,1.627646998856853,-1.6780014287633367,3.1247694035741107,0.10909527028013465,-0.8794791644316238,0.9621506499445379,-0.3877989029188038,0.747011575726844,0.39192732286734916,-0.9467332362138315,0.3939166602269785,0.5508391725446494,1.466094894049876,0.13725989059209667,-0.2827185871485887,-0.7747404173238014,0.6573724340557805,1.2514467201534856,-0.2585673613704179,0.25690467692032903,3.0592533347792994
2023-04-30,3.912321612067708,-1.5841410801374156,3.4597370379519683,-2.0677856223569457,0.8155865441052165,-0.8344656400127554,2.0665008412211687,-0.010844971848032478,-0.5223553983315996,0.22062301984783603,0.39483558878224334,0.022689437399729534,-0.3311273280298158,-0.7183836779555254,-1.3925858953020667,1.1522196049339402,-0.24052198357302607,0.39009254049271197,0.6060926918079006,-1.0769717930605156,-0.639709873035683,-0.44699400655727717,-0.11031762448753583,0.7421908528479412,3.28032820234625
2023-05-31,3.4242971747809294,-1.1269599962044399,3.0324476142284302,-2.8702923989273703,0.9256195951502705,-0.9317266952137969,2.3860511102066364,0.29529992267917815,-0.32348478848872764,0.3854593131320336,0.33390723869482014,0.24648791616920318,-0.0934973322163905,-1.609958682743092,0.401808640178454,1.4184845332067788,1.2902069556672349,0.7919342095816866,-0.06630311907501356,-0.6596553281049868,-0.15734509012154219,-0.3510842085539232,-0.2055967015005119,-0.2755466451556362,3.7186358677607556
2023-06-30,2.872018264867206,-0.7406773650111836,2.7671506645945088,-3.0155386757381857,-0.03709242482230272,-0.6039922446827719,2.0011835325061944,0.7521650265011552,-0.6625709070503238,-0.34465879811319916,-1.341429558265824,0.4420229165892073,-0.403296412716207,-1.7836867081612655,2.152604686975909,0.4048046989934743,1.018472887726187,1.7947402660966743,-0.22047311391473293,-0.09680910840210594,1.3903892601907861,0.758649344147936,0.023125524267404416,0.12577878273369217,3.6950823322234427
2023-07-31,3.065307692296252,-0.9247190046719139,1.8648845688582534,-2.365699525856562,-1.5554826999803208,-0.44238441658131983,1.0114239821533022,0.43818072754063575,-0.29254780214685394,-0.8560032774489666,-1.1901739283958368,0.10304768717308681,0.6681684572583748,0.16141633086408794,-0.18275612113130352,0.6033018462806352,-1.6425629112523423,0.4660300513204966,1.41892158051353,0.17429232842705744,0.37681325279881867,0.5165055166355876,1.1461869161494256,-0.24780192589952885,3.2465375076767167
2023-08-31,3.8643752158329483,-1.448934816631408,0.9460651966336706,-2.6224349912539355,-1.641911604775668,-0.8886734703728532,0.8594218574762811,-0.10844348943973552,0.08458713917585838,-0.9344805302173798,-0.5141208045320785,1.3587632920484447,-0.03369454879734425,-0.07459810408326989,0.14443495035485496,0.6136424678715918,-1.285843631631537,0.20273406998096147,0.9791383928181655,0.12034495867326957,0.6152761880736425,-0.11727189819906217,0.8080252926000275,0.3617061485968799,3.139855644977696
2023-09-30,5.60177243856561,-1.7423341112870687,0.3692024678681394,-2.8635536506674195,-1.0456051253349257,-1.4829184863728055,0.8153086836389207,0.12786308922914008,0.843808398330391,-0.31758357598548953,0.6490108040945466,1.432166600236763,0.040878974366939415,-0.8484450705104088,0.5541543179070444,-0.3009371641526561,-0.8302646816773155,-0.11683620042626469,-0.3298690792769348,0.008867211920666333,0.7592880674817277,0.04180825938539835,0.5664699400483396,-0.27148462163526327,3.322200208829762
2023-10-31,6.062364902744634,-2.0472460316719645,0.1351122231080436,-2.9082282507518724,-1.0860046116278879,-1.964076237800793,1.348817561296684,-0.004728512646836064,0.007674814730965228,0.06891991639016945,0.6835120708424632,0.820765421614818,0.41945481044068916,0.26730360707448986,-0.008602500130425869,-0.9756120416009662,0.03161361995324861,-0.012793570575316207,0.2057267649043581,0.04724143407453696,1.1112576930322564,1.1907582139757606,0.3628343340414154,-0.8222629979805194,3.1079425939238847
2023-11-30,7.172145362338149,-1.7642449800126443,-0.8130783585264042,-2.7327953369573157,-1.2845127232123064,-1.6141401600579863,1.0498682163619915,0.7547421101951717,0.4492619798847791,0.03790023118815192,1.67627890216247,-0.1558969582399554,-0.5660625927807731,0.05708296306988078,-0.1721092502854474,-0.6934213536070671,-1.640691427826385,0.7657212046446793,1.2019389659971065,-0.6068313176139372,1.020846249223967,0.8417666858091116,-0.13190464321124437,-0.864332268724021,3.16642120765831
2023-12-31,8.084040035436402,-1.1907622320451956,-1.1678882094744336,-1.8228331290499806,-1.408884977077395,-2.541346984800941,0.8496660131529489,0.4641264462422182,0.8966465829810065,0.10343935083100529,1.1200840282618894,0.5312841745357695,1.3356536704442359,1.0362063905057803,0.2803555211083166,-0.050292384347505124,-2.035841121312016,0.47514438509329043,1.2721711896291985,-1.2471424941796816,0.42234414639260887,0.23794248651998798,-0.7366774587212104,-0.9456532465872386,3.4690014354717524
2024-01-31,8.311275911134869,-0.7322575694001727,-0.5942689376346573,-1.9512588545588048,-1.1245722876357735,-2.452056924252948,1.674922462777451,-1.000478434750383,0.3146299285820902,0.33738507678154733,1.5478481897384908,1.9487280710834554,0.138632916911375,0.5537756446492216,2.0435093502332213,0.4833545432721849,-0.7947839935902034,0.6208465245533568,1.631276725618758,-1.377999576010527,0.46622549443930705,-0.2323202681658945,-0.2483654561294097,0.310508755695921,3.3540471111874304
2024-02-29,10.554468469115085,0.194415427730479,-0.16261989067652302,-1.8511079355574083,0.5830690164516319,-3.5259919715747796,1.422525855850221,-0.6733301128642449,1.9403605915264581,0.1987020972911614,1.9743461372917825,1.6329353177181947,0.7731951234703862,2.263041350819269,1.7162402024282584,0.9119887547403323,-0.7730106734832961,-1.276937089385214,0.9760447393110339,-1.1698709209910048,0.5599964302812873,-0.053144896470106874,0.3194826045741624,0.6369853994235507,3.238866396761142
2024-03-31,9.528419020385277,0.6905463693331486,0.11194191494678986,-1.8473995809758381,0.3606840387806374,-3.5595078253656496,-0.3341868792724486,-1.032949390183644,1.3932658444767796,-0.7546838969543361,1.448027549963705,1.3344509862235416,1.6342657368211253,2.618925102957909,-0.05172248680469344,-0.253069607541026,-0.3431154513682001,-1.3336323243747321,-0.6226147602506793,-0.5493812226514592,0.825761545578982,-1.0223892027232018,0.34682712234085716,1.0150584610321156,2.9700853998204435
2024-04-30,9.135360920159888,0.7887113499125435,0.3843506058845064,-3.218883870985584,0.8045538545854225,-3.474057114024627,-1.5182131707662787,-1.0565762610953684,0.7046339228822053,-1.4685173274442467,2.6318331845965255,0.46424674622700296,0.5733079151597904,0.31626487057988445,-0.010725496803591942,-0.5513476377610046,1.6302926506640074,-0.8925836107320352,-1.283163865864008,-0.47472105459870984,-0.00871244697108326,-2.8113383119930253,0.5914739071312548,0.7629545198714577,2.9384633061405374
2024-05-31,9.425754643460888,0.9960358811359165,-0.5559967912646901,-4.075694093525925,-0.029641800089387396,-3.496716715182543,-3.2292863288873326,0.43933742061443837,0.3471841028954529,-1.6536465200130048,1.911621797178207,-1.8105841000068046,0.2981120930527089,0.38597231428294915,-0.1660625252526117,-0.021983117891902014,2.0785613703182864,-0.7838443661838322,-0.9566139504316539,-0.09820888237752845,-0.3696899399519532,-1.6725647707255065,0.2807374047718092,-0.5610782921004621,2.6109140322338353
2024-06-30,8.449576014292212,-0.6667435507194482,-1.590153658031478,-3.383563284146395,-2.300431255826766,-2.3338516167590226,-3.6477365433456708,1.0261077336035733,-0.9323992640887754,-1.08730536689261,-0.8675952102381748,-1.8469483057360299,0.3818580987233848,0.17325549326365064,-0.2850019459576633,0.13460375613360762,0.4823630126010977,1.2093275341667227,0.45055636729639575,-0.08384818770237143,0.44010050132902,0.039089276335691175,0.0952633692985492,-0.18029836940813945,2.432541464144644
2024-07-31,8.297379284016314,-1.5084048687123035,-2.281653722702175,-3.037294854458125,-2.6841309749745643,-2.632872391637556,-3.216964089131233,-0.402670999852193,-1.523373170641765,-1.4889678556057555,-1.3755391255713407,-0.6754975311361144,1.1439482007536481,0.78698193202604,-0.7345641695786046,0.15825842854165492,-0.19454725029942124,1.09964288855323,0.603166741925703,0.5677553478986673,0.34867740650721324,-0.7812445236240599,0.15307486087477168,0.19995510823768398,2.5714034967967203
2024-08-31,9.903580566798242,-2.553192312955265,-3.2089471649369945,-3.0516496671371476,-1.1324871921213222,-3.0517570569159314,-2.9943307938626775,-0.3911031756848888,-0.8908271619893848,-1.9015032336791773,-1.3931369896384325,0.08387612156432285,-0.5964755568860015,0.8352735562757467,-0.2548435996845461,-0.011058213111309369,1.1035065840129588,0.658522785218586,-0.10438334668075608,0.7322315170196442,-0.054453532903154515,0.11062988615094264,-0.5585899157139205,-0.04031035107827506,2.7141684004842848
2024-09-30,10.839200565302733,-2.9643084213891626,-3.8213349062847253,-2.7311466096503847,-0.23673406522111645,-3.27062280241937,-3.0055739522753324,0.34049652695341637,0.6518908705698413,-1.4224574379797053,-0.7702445675393756,-0.2173429990769721,0.1498925906957442,0.21310246917776754,-0.971174156650528,0.27941968530098604,1.2828859339794174,-0.03928819283754906,-1.939518463115378,0.39026797430039945,-0.8784525512903522,1.4871679134728406,-0.9119317972410955,-0.21801494212135988,2.872366268806581
2024-10-31,9.989174538461628,-3.389489121982984,-4.897568515482776,-2.4434083364452968,-1.9022875346158241,-1.0261642915435416,-3.017418920267549,-0.9918646713861973,1.3467761402508232,0.9989872353996122,-0.9453000356186757,-1.1192817166305673,-1.601264231589639,-0.10879374113951693,-0.5923010549220856,0.12116376607749185,-0.04113960057150207,0.4165347599484023,-0.7101823937322531,-0.24003136550203197,-0.9287733927065347,1.762701621484051,-0.6958123305754217,-0.765276335260781,2.999412512831112
2024-11-30,12.16033053985765,-4.51685580504122,-6.592715039617619,-1.768224725277287,-0.3536476990902175,1.6255062858539937,-2.951762957848358,-2.206140998869884,2.9698233975001673,3.7428070112334204,-1.0401779812684078,-2.186250046040461,-0.8436512012986883,-1.204360961126802,0.2232888223666356,0.19656083272688063,-0.7426030573764021,0.623709848879235,-0.775523818463513,-0.7552146585286393,-0.5547488056967581,1.2553799984873801,-0.33447008040530996,-0.4656364596909855,2.8142703731568686
2024-12-31,13.21936226942933,-4.695410835075239,-7.776054844801528,-0.2456927728755346,1.8724399361578907,3.8828232504234013,-2.7885548749510964,-4.386599833662499,1.4970773730571054,4.798875174017648,-1.6286637912013704,-1.9556667020305256,-0.10046180690016343,-0.46361868090726166,0.8028349407431404,-0.4867640754128139,-1.0209717722657927,0.8957317946755106,0.5678059085188323,-0.13271790903054703,0.3157428346469914,-0.40321292272411524,0.16069563312076243,0.40486521605417997,2.4055852640280317
2025-01-31,15.509072567228982,-5.016456020095185,-7.658362035806039,1.4324433651072908,6.648174263124577,4.227905802202914,-1.8279041972576158,-2.5845401273832946,-0.7386918972024357,1.9910574045193297,0.04706118019874233,0.244050452717059,0.5502197044875264,0.22888869632520464,1.0498075560159137,-0.00764047755229468,-0.2684957811730482,-0.5244292610679918,1.3665468422654885,0.38362836265686956,0.5729146406692374,-1.3794326588057282,0.5278694664415807,1.0758855236744984,2.3337465177498906
2025-02-28,15.683529551176507,-3.744411588027386,-6.538522434327621,2.6273278829855924,8.532960991783316,3.0525812676581117,-0.6752883600852061,0.6592083217048467,-2.3975802478724053,-1.5597264427087207,0.7003708626391598,1.4036426242127802,1.5169917208266743,1.0555608622958796,-0.23593316356128866,-1.0279329292011758,-0.2270354256682784,-0.3663631975072372,-0.3957767004349803,0.8096165904546688,-0.035038739539390594,0.7803532229138118,-0.13270659584076153,0.06276189363217441,2.3759340869898393
2025-03-31,13.986495458282645,-1.841764354871524,-5.121626463230069,2.553474145870663,6.663980876013726,1.2390091538740466,-0.2583800839583608,2.357635228810965,-3.3025099141466936,-3.309035584030311,1.5394113221606802,0.9965941860791142,1.1795934955324796,0.5692092057295844,-0.6018438998339211,-0.5645244814751887,0.20877700240419747,0.4027480132575506,-0.6038388706981438,0.407360102525858,-1.360211964724896,1.1928721336338124,-0.712634093804819,-0.5405160876027769,2.6726833178446263
2025-04-30,17.74371822686698,-1.3428320480314382,-6.258535266450879,2.581314455277849,-1.1951223441979417,2.568728810743854,0.2588004187937027,10.810144767246136,2.7105878982177143,-0.979793037088294,-0.1582756263664671,-0.8409882362972855,-6.196549596712877,0.4991049747888836,1.1833207741725884,0.9784891428215413,1.4433455436625382,-0.8704704646054875,1.6866865719643298,-0.15919961763949825,0.21153719983272923,-0.33239726252245594,1.4783904130261916,0.17532628320962426,2.7318012794754543
2025-05-31,18.865514557703552,0.29699441492906786,-6.275090440864729,4.88391744333944,-8.66100259504995,3.3417179112202895,2.334724125144854,3.9757510678172374,1.530602454283536,0.24917771829350047,-1.7455278183949994,-0.11002467822762045,7.840364379335788,-2.6824085836602958,-1.2802803663004618,2.2927103061417666,0.6709422698271166,-0.6610430936060697,-1.4679961058684308,0.23849704023710164,0.497875419814204,-0.38747402800635117,-0.7362255217674648,1.1296175737102851,2.9392196249335534
2025-06-30,20.359343901033984,0.7675315617182203,-5.963786174843889,7.267858498523059,-8.657759337934884,0.6688045400386059,2.9094405907112906,-7.350213469890424,-4.763127234809427,-3.8115960169634158,-0.194637123653664,2.304361477657515,-4.770303131271998,-1.6709823553132308,-1.1008222326785762,-0.5501644107790611,0.7654289423545287,-0.28170687535557826,-0.09954514336306781,-0.4688244305117164,-0.3007474469164546,-0.2596260213404505,0.4713337713523431,-0.11559123109588935,3.022699626172387
